"Périmètre";"Périmètre.ID";"Année";"Qualification.Candidats.PR";"Qualification.Candidats.PR.femmes";"Qualification.Qualifiés.PR";"Qualification.Qualifiés.PR.femmes";"Qualification.Candidats.MCF";"Qualification.Candidats.MCF.femmes";"Qualification.Qualifiés.MCF";"Qualification.Qualifiés.MCF.femmes";"Concours.Postes.PR";"Concours.Candidats.PR";"Concours.Candidats.PR.femmes";"Concours.Recrutés.PR";"Concours.Recrutés.PR.femmes";"Concours.Postes.MCF";"Concours.Candidats.MCF";"Concours.Candidats.MCF.femmes";"Concours.Recrutés.MCF";"Concours.Recrutés.MCF.femmes"
"Ensemble";"Ensemble";2009;2473,36196892793;0,298;1745;0,295;10182,3314230581;43,8;7087;0,441;1185;2269;0,292;947;0,307;2194;9756;0,449;2036;0,417
"Ensemble";"Ensemble";2010;2058,79775514235;0,285;1453;0,282;8670,84508617948;44,2;6081;0,449;1129;2138;0,286;899;0,297;2101;9706;0,458;1963;0,434
"Ensemble";"Ensemble";2011;2069;0,293;1602;0,295;8996;44;6503;0,433;1162;2420;0,279;970;0,319;1989;9918;0,464;1881;0,448
"Ensemble";"Ensemble";2012;2092;0,304;1630;0,306;9089;45,2;6689;0,445;1075;2434;0,295;883;0,293;1852;9697;0,465;1742;0,452
"Ensemble";"Ensemble";2013;2091;0,332;1657;0,337;9190;45,1;6799;0,439;817;2072;0,303;717;0,317;1675;9859;0,459;1593;0,465
"Ensemble";"Ensemble";2014;2030;0,334;1591;0,339;9123;46,3;6767;0,459;802;2084;0,314;711;0,34;1447;9680;0,463;1393;0,447
"Ensemble";"Ensemble";2015;2579;0,371;1784;0,345;8764;46,1;6493;0,458;779;2188;0,325;689;0,363;1299;9497;0,469;1256;0,469
"Ensemble";"Ensemble";2016;2293;0,369;1634;0,346;8472;46,4;6426;0,457;794;2114;0,328;704;0,374;1328;9507;0,474;1287;0,503
"Ensemble";"Ensemble";2017;2308;0,351;1666;0,361;8143;46,9;6122;0,465;707;2035;0,337;635;0,395;1254;9034;0,477;1188;0,474
"Ensemble";"Ensemble";2018;2330;0,349;1802;0,345;8148;46,5;6042;0,466;578;1908;0,345;528;0,371;1189;8540;0,477;1108;0,465
"Ensemble";"Ensemble";2019;2225;0,349;1704;0,347;8359;46;6141;0,456;566;1908;0,342;524;0,347;1070;7958;0,474;1018;0,486
"Ensemble";"Ensemble";2020;2338;0,363;1739;0,365;8387;46,3;5998;0,461;580;2004;0,355;542;0,387;1155;8508;0,472;1104;0,482
"Grande discipline";"DEG";2009;32,6974801398749;0,28;6;0,333;1352,18083607582;46;555;0,474;177;140;0,321;107;0,299;372;1095;0,472;330;0,476
"Grande discipline";"DEG";2010;24,9625923648507;0,254;13;0,231;1185,04792528135;47,6;525;0,531;186;149;0,262;105;0,295;392;1077;0,489;352;0,5
"Grande discipline";"DEG";2011;18;0,278;8;0,375;1245;46,6;558;0,509;181;154;0,286;111;0,297;375;1188;0,503;336;0,515
"Grande discipline";"DEG";2012;37;0,243;8;0,125;1324;46,5;611;0,46;174;266;0,346;90;0,267;398;1220;0,47;356;0,494
"Grande discipline";"DEG";2013;30;0,2;7;0,286;1338;46,9;600;0,467;118;141;0,284;90;0,311;371;1297;0,478;346;0,503
"Grande discipline";"DEG";2014;19;0,316;9;0,333;1326;47,7;617;0,496;137;159;0,289;104;0,298;315;1252;0,462;304;0,53
"Grande discipline";"DEG";2015;695;0,481;216;0,449;1366;49,5;649;0,521;182;284;0,394;139;0,388;287;1330;0,483;279;0,548
"Grande discipline";"DEG";2016;462;0,448;146;0,459;1254;46,4;630;0,481;195;308;0,416;159;0,384;282;1341;0,495;275;0,509
"Grande discipline";"DEG";2017;407;0,474;139;0,496;1277;45;635;0,461;165;301;0,435;136;0,456;296;1360;0,488;276;0,522
"Grande discipline";"DEG";2018;312;0,436;95;0,463;1301;45,3;578;0,478;120;255;0,416;100;0,47;253;1340;0,466;233;0,536
"Grande discipline";"DEG";2019;327;0,434;107;0,514;1320;45,9;581;0,461;104;248;0,415;94;0,383;248;1301;0,459;235;0,477
"Grande discipline";"DEG";2020;346;0,439;130;0,515;1329;46,4;627;0,469;93;248;0,435;88;0,386;247;1311;0,468;236;0,508
"Grande discipline";"LLASHS";2009;708,670281847137;0,415;484;0,438;3767,41289357402;53,3;2345;0,548;441;695;0,424;345;0,4;724;3985;0,553;687;0,553
"Grande discipline";"LLASHS";2010;615,446907377599;0,396;400;0,408;3201,87381521892;54,5;1998;0,572;452;728;0,435;354;0,415;695;4071;0,57;663;0,566
"Grande discipline";"LLASHS";2011;666;0,405;477;0,43;3237;54,7;2061;0,552;451;877;0,388;372;0,419;686;4575;0,57;655;0,595
"Grande discipline";"LLASHS";2012;662;0,411;473;0,427;3445;56,4;2258;0,587;428;849;0,425;368;0,424;630;4557;0,567;601;0,589
"Grande discipline";"LLASHS";2013;629;0,458;454;0,498;3508;56;2380;0,563;351;810;0,427;310;0,426;635;4727;0,564;602;0,615
"Grande discipline";"LLASHS";2014;672;0,481;500;0,498;3498;56,4;2373;0,566;326;792;0,473;285;0,484;568;4861;0,557;545;0,528
"Grande discipline";"LLASHS";2015;638;0,464;478;0,481;3369;55,6;2322;0,569;322;816;0,431;288;0,438;537;4785;0,558;515;0,532
"Grande discipline";"LLASHS";2016;638;0,505;475;0,516;3377;56,1;2391;0,571;328;811;0,459;291;0,495;549;4836;0,573;528;0,642
"Grande discipline";"LLASHS";2017;600;0,493;443;0,497;3447;56,6;2397;0,575;282;760;0,468;254;0,512;509;4770;0,57;486;0,566
"Grande discipline";"LLASHS";2018;695;0,485;529;0,493;3495;56,3;2414;0,574;243;766;0,49;222;0,482;519;4578;0,565;480;0,55
"Grande discipline";"LLASHS";2019;588;0,481;448;0,493;3573;56,1;2482;0,572;226;724;0,486;209;0,44;435;4416;0,555;413;0,593
"Grande discipline";"LLASHS";2020;734;0,497;541;0,518;3645;56,3;2505;0,585;248;844;0,474;229;0,476;466;4712;0,549;448;0,574
"Grande discipline";"Pharma";2009;62,8368139873725;0,436;25;0,6;513,509574371556;56,7;378;0,556;22;34;0,324;19;0,474;70;382;0,521;66;0,606
"Grande discipline";"Pharma";2010;37,3288003885381;0,45;15;0,467;366,676662900384;59,3;236;0,627;21;36;0,417;17;0,471;62;328;0,555;58;0,569
"Grande discipline";"Pharma";2011;38;0,474;18;0,444;401;56,1;297;0,586;23;49;0,429;21;0,571;50;379;0,557;49;0,755
"Grande discipline";"Pharma";2012;46;0,457;17;0,471;428;55,8;288;0,538;25;45;0,4;22;0,5;50;375;0,499;49;0,531
"Grande discipline";"Pharma";2013;40;0,35;21;0,429;334;63,2;235;0,609;25;41;0,293;23;0,261;30;299;0,515;30;0,5
"Grande discipline";"Pharma";2014;37;0,459;18;0,611;373;60,1;279;0,599;24;38;0,368;23;0,391;53;408;0,495;49;0,551
"Grande discipline";"Pharma";2015;45;0,444;26;0,423;365;59,7;268;0,623;15;26;0,269;15;0,267;38;320;0,619;37;0,784
"Grande discipline";"Pharma";2016;25;0,44;19;0,368;311;61,4;242;0,607;16;34;0,353;15;0,467;42;339;0,478;41;0,61
"Grande discipline";"Pharma";2017;17;0,588;10;0,5;294;59,2;225;0,564;9;21;0,333;8;0,125;32;267;0,502;31;0,516
"Grande discipline";"Pharma";2018;42;0,571;19;0,579;271;60,9;210;0,6;12;29;0,414;12;0,25;27;218;0,569;25;0,6
"Grande discipline";"Pharma";2019;39;0,308;20;0,3;219;54,8;168;0,565;14;29;0,209;14;0,5;23;209;0,344;22;0,591
"Grande discipline";"Pharma";2020;46;0,435;22;0,545;319;53,3;211;0,512;14;28;0,321;13;0,385;33;212;0,5;28;0,5
"Grande discipline";"ST";2009;1739,75001146379;0,247;1244;0,236;5428,54013864509;36,3;4206;0,372;545;1447;0,227;476;0,235;1028;5390;0,371;953;0,285
"Grande discipline";"ST";2010;1433,79088103102;0,235;1036;0,231;4612,83099679668;36,1;3581;0,364;470;1271;0,199;423;0,191;952;5270;0,367;890;0,3
"Grande discipline";"ST";2011;1401;0,236;1109;0,234;4852;35,9;3900;0,357;507;1384;0,204;466;0,232;878;4558;0,342;842;0,289
"Grande discipline";"ST";2012;1407;0,247;1144;0,253;4691;36,6;3855;0,361;448;1302;0,194;403;0,169;774;4355;0,348;736;0,315
"Grande discipline";"ST";2013;1444;0,276;1187;0,273;4740;36,3;3889;0,357;323;1100;0,21;294;0,207;639;4237;0,334;615;0,294
"Grande discipline";"ST";2014;1362;0,261;1083;0,261;4659;38,4;3824;0,384;315;1109;0,199;299;0,214;511;4028;0,345;495;0,295
"Grande discipline";"ST";2015;1297;0,265;1079;0,262;4392;37,8;3577;0,374;260;1090;0,227;247;0,267;437;3913;0,349;425;0,313
"Grande discipline";"ST";2016;1244;0,245;1017;0,251;4165;38,2;3474;0,37;255;979;0,19;239;0,213;455;3788;0,341;443;0,325
"Grande discipline";"ST";2017;1347;0,283;1090;0,289;3778;38;3163;0,378;251;987;0,211;237;0,245;417;3282;0,331;395;0,316
"Grande discipline";"ST";2018;1387;0,262;1186;0,265;3730;37,4;3128;0,379;203;891;0,196;194;0,201;390;3115;0,345;370;0,3
"Grande discipline";"ST";2019;1356;0,271;1153;0,273;3871;36,6;3151;0,363;222;942;0,414;207;0,227;364;2719;0,474;348;0,359
"Grande discipline";"ST";2020;1311;0,272;1072;0,27;3714;36,3;2905;0,356;225;942;0,226;212;0,292;409;2958;0,341;392;0,36
"Groupe";"1";2009;7,74431009957326;0,19;2;0,5;771,528379330558;47,7;265;0,434;86;75;0,347;56;0,321;149;607;0,46;140;0,4
"Groupe";"1";2010;6,08481507823613;0,273;2;0;651,475541197512;49,2;224;0,522;97;82;0,28;63;0,302;145;588;0,48;141;0,461
"Groupe";"1";2011;4;0,5;0;0;710;48,7;260;0,562;83;73;0,315;54;0,352;165;621;0,535;155;0,548
"Groupe";"1";2012;10;0,2;0;0;757;49,3;259;0,463;90;178;0,376;58;0,31;177;672;0,484;171;0,515
"Groupe";"1";2013;3;0,333;0;0;723;47,7;240;0,471;65;90;0,344;55;0,4;178;639;0,498;163;0,479
"Groupe";"1";2014;6;0,333;1;0;725;48,1;245;0,514;77;98;0,306;61;0,311;148;655;0,466;145;0,524
"Groupe";"1";2015;303;0,535;37;0,568;738;53,5;256;0,543;89;106;0,368;68;0,397;142;657;0,507;141;0,546
"Groupe";"1";2016;216;0,505;39;0,564;705;49,8;272;0,555;71;98;0,418;58;0,379;132;751;0,502;130;0,5
"Groupe";"1";2017;184;0,5;36;0,5;711;45,1;253;0,447;76;115;0,452;64;0,391;141;683;0,477;135;0,526
"Groupe";"1";2018;135;0,459;24;0,542;733;45;250;0,496;52;86;0,453;44;0,5;121;698;0,473;115;0,539
"Groupe";"1";2019;135;0,452;27;0,556;737;46,8;246;0,476;50;91;0,429;46;0,435;116;748;0,468;112;0,518
"Groupe";"1";2020;144;0,438;43;0,488;758;45,6;293;0,457;53;103;0,437;50;0,42;117;738;0,486;116;0,474
"Groupe";"10";2009;419,973515009664;0,396;291;0,392;1690,41795502687;54,8;1346;0,56;96;192;0,333;80;0,4;192;1167;0,542;179;0,453
"Groupe";"10";2010;300,104277666043;0,376;203;0,394;1399,11216357618;56,1;1032;0,562;75;148;0,365;63;0,333;188;1132;0,554;176;0,523
"Groupe";"10";2011;280;0,357;210;0,381;1426;56;1106;0,546;83;195;0,39;77;0,494;168;1174;0,534;163;0,442
"Groupe";"10";2012;282;0,383;210;0,39;1435;57,8;1091;0,574;62;150;0,287;54;0,296;146;1095;0,565;136;0,559
"Groupe";"10";2013;290;0,4;249;0,373;1442;56,7;1142;0,547;45;113;0,381;39;0,333;99;926;0,545;94;0,585
"Groupe";"10";2014;289;0,422;235;0,413;1412;58,3;1133;0,574;51;138;0,326;45;0,4;100;1052;0,557;98;0,51
"Groupe";"10";2015;262;0,443;216;0,435;1314;55,9;1047;0,556;50;143;0,371;47;0,468;88;970;0,561;86;0,57
"Groupe";"10";2016;250;0,436;204;0,461;1194;57,1;966;0,553;42;99;0,394;38;0,368;94;912;0,536;90;0,533
"Groupe";"10";2017;279;0,462;221;0,475;1067;58,9;867;0,592;39;105;0,371;36;0,472;80;748;0,535;76;0,5
"Groupe";"10";2018;282;0,457;231;0,468;1035;55,2;876;0,558;31;80;0,425;26;0,423;75;645;0,053;70;0,514
"Groupe";"10";2019;272;0,404;232;0,414;1066;53,2;875;0,518;34;93;0,323;29;0,31;62;621;0,538;60;0,517
"Groupe";"10";2020;276;0,435;227;0,423;930;51,5;712;0,511;23;83;0,458;23;0,565;70;618;0,526;67;0,582
"Groupe";"11";2009;62,8368139873725;0,436;25;0,6;513,509574371556;56,7;378;0,556;22;34;0,324;19;0,474;70;382;0,521;66;0,606
"Groupe";"11";2010;37,3288003885381;0,45;15;0,467;366,676662900384;59,3;236;0,627;21;36;0,417;17;0,471;62;328;0,555;58;0,569
"Groupe";"11";2011;38;0,474;18;0,444;401;56,1;297;0,586;23;49;0,429;21;0,571;51;379;0,557;49;0,755
"Groupe";"11";2012;46;0,457;17;0,471;428;55,8;288;0,538;25;45;0,4;22;0,5;50;375;0,499;49;0,531
"Groupe";"11";2013;40;0,35;21;0,429;334;63,2;235;0,609;25;41;0,293;23;0,261;30;299;0,515;30;0,5
"Groupe";"11";2014;37;0,459;18;0,611;373;60,1;279;0,599;24;38;0,368;23;0,391;53;408;0,495;49;0,551
"Groupe";"11";2015;45;0,444;26;0,423;365;59,7;268;0,623;15;26;0,269;15;0,267;38;320;0,619;37;0,784
"Groupe";"11";2016;25;0,44;19;0,368;311;61,4;242;0,607;16;34;0,353;15;0,467;42;339;0,478;41;0,61
"Groupe";"11";2017;17;0,588;10;0,5;294;59,2;225;0,564;9;21;0,333;8;0,125;32;267;0,502;31;0,516
"Groupe";"11";2018;42;0,571;19;0,579;271;60,9;210;0,6;12;29;0,414;12;0,25;27;218;0,569;25;0,6
"Groupe";"11";2019;39;0,308;20;0,3;219;54,8;168;0,565;14;29;0,414;14;0,5;23;209;0,474;22;0,591
"Groupe";"11";2020;29;0,517;16;0,5;197;52,8;160;0,519;13;25;0,32;13;0,385;31;202;0,49;27;0,481
"Groupe";"12";2009;148,737641733849;0,345;70;0,4;858,504049257617;47,8;371;0,453;67;114;0,351;56;0,304;140;896;0,512;131;0,58
"Groupe";"12";2010;138,65373381969;0,339;70;0,343;688,407919871996;47,8;292;0,449;64;103;0,243;46;0,196;133;858;0,486;123;0,431
"Groupe";"12";2011;129;0,318;67;0,388;739;49,4;327;0,505;64;144;0,326;55;0,345;139;910;0,501;132;0,508
"Groupe";"12";2012;149;0,289;67;0,269;745;50,2;323;0,489;53;116;0,379;45;0,356;122;910;0,507;117;0,487
"Groupe";"12";2013;138;0,377;59;0,475;766;50,5;375;0,464;49;103;0,398;40;0,325;141;956;0,497;132;0,492
"Groupe";"12";2014;145;0,393;78;0,41;730;50,7;360;0,45;54;123;0,407;44;0,364;119;1020;0,497;114;0,421
"Groupe";"12";2015;139;0,41;78;0,436;733;52,9;380;0,497;54;131;0,374;46;0,348;117;1118;0,513;114;0,474
"Groupe";"12";2016;157;0,433;82;0,439;741;53,7;387;0,517;55;127;0,504;49;0,571;112;1036;0,546;102;0,529
"Groupe";"12";2017;132;0,402;76;0,355;700;52,1;364;0,489;42;106;0,349;37;0,514;120;1064;0,546;113;0,54
"Groupe";"12";2018;164;0,348;95;0,295;757;52,8;386;0,503;36;97;0,361;33;0,424;130;932;0,542;120;0,467
"Groupe";"12";2019;135;0,459;80;0,4;799;51,4;413;0,501;35;111;0,441;33;0,485;114;887;0,564;103;0,505
"Groupe";"12";2020;170;0,406;83;0,373;860;57,9;422;0,569;39;127;0,441;37;0,351;104;1024;0,503;100;0,47
"Groupe";"2";2009;24,582970066841;0,327;4;0,25;600,247444954843;43,6;290;0,51;91;65;0,292;51;0,275;223;510;0,486;190;0,532
"Groupe";"2";2010;18,3254867770997;0,268;11;0,273;546,96611835691;45,8;301;0,538;89;67;0,239;42;0,286;247;497;0,499;211;0,526
"Groupe";"2";2011;15;0,2;8;0,375;561;43,5;300;0,46;98;81;0,259;57;0,246;210;653;0,484;181;0,486
"Groupe";"2";2012;27;0,259;8;0,125;587;43,1;353;0,459;84;88;0,284;32;0,188;221;576;0,46;185;0,476
"Groupe";"2";2013;27;0,185;7;0,286;636;45,3;360;0,464;53;51;0,176;35;0,171;193;693;0,46;183;0,525
"Groupe";"2";2014;14;0,286;8;0,375;611;46,8;372;0,484;60;62;0,258;43;0,279;167;611;0,458;159;0,535
"Groupe";"2";2015;394;0,437;179;0,425;648;44,4;393;0,506;93;181;0,409;71;0,38;145;715;0,47;138;0,551
"Groupe";"2";2016;248;0,395;107;0,421;568;42,1;359;0,423;124;210;0,414;101;0,386;150;635;0,48;145;0,517
"Groupe";"2";2017;224;0,455;103;0,495;581;44,1;382;0,471;89;186;0,425;72;0,514;155;753;0,485;141;0,518
"Groupe";"2";2018;177;0,418;71;0,437;580;45;329;0,462;68;169;0,396;56;0,446;132;671;0,453;118;0,534
"Groupe";"2";2019;193;0,42;80;0,5;599;45,2;335;0,451;54;NA;0,408;48;0,333;132;646;0,435;123;0,439
"Groupe";"2";2020;205;0,439;87;0,529;595;46,4;334;0,479;40;145;0,434;38;0,342;130;598;0,446;120;0,542
"Groupe";"3";2009;242,215355782274;0,518;180;0,528;1276,48997682592;63,5;762;0,663;174;303;0,538;124;0,508;293;1711;0,639;280;0,646
"Groupe";"3";2010;201,277549171185;0,517;133;0,541;1060,31022268604;65,8;644;0,705;178;314;0,541;133;0,586;258;1668;0,671;248;0,694
"Groupe";"3";2011;202;0,535;149;0,57;985;66,8;602;0,678;168;302;0,52;129;0,504;247;1666;0,69;230;0,665
"Groupe";"3";2012;232;0,504;183;0,497;1159;69;769;0,719;169;326;0,546;148;0,534;226;1617;0,691;212;0,675
"Groupe";"3";2013;181;0,575;145;0,6;1157;67;774;0,681;129;309;0,531;113;0,54;245;1791;0,69;228;0,724
"Groupe";"3";2014;235;0,604;189;0,608;1127;65,8;739;0,655;111;283;0,562;100;0,54;204;1882;0,669;195;0,646
"Groupe";"3";2015;220;0,586;187;0,572;1091;65,4;734;0,681;107;266;0,549;93;0,548;196;1741;0,686;186;0,64
"Groupe";"3";2016;194;0,593;154;0,578;1059;67,8;721;0,678;109;274;0,515;94;0,574;201;1692;0,655;193;0,705
"Groupe";"3";2017;194;0,552;154;0,552;1167;66,8;817;0,688;108;293;0,536;93;0,57;170;1691;0,67;161;0,646
"Groupe";"3";2018;218;0,628;183;0,656;1118;65,1;769;0,654;90;296;0,601;80;0,625;188;1772;0,659;173;0,688
"Groupe";"3";2019;202;0,574;165;0,576;1144;63,6;779;0,662;93;297;0,552;86;0,465;141;1612;0,655;136;0,676
"Groupe";"3";2020;225;0,613;177;0,627;1221;63,6;822;0,669;100;346;0,581;90;0,589;158;1707;0,653;152;0,704
"Groupe";"4";2009;390,966552522401;0,366;263;0,388;2238,95185680005;50;1376;0,51;198;400;0,345;163;0,356;287;2600;0,496;274;0,449
"Groupe";"4";2010;341,019283697953;0,331;217;0,341;1935,36516435258;50,8;1182;0,536;209;433;0,353;174;0,345;303;2698;0,504;292;0,514
"Groupe";"4";2011;392;0,367;278;0,374;2028;51;1282;0,507;219;498;0,333;188;0,383;299;2768;0,522;292;0,579
"Groupe";"4";2012;349;0,395;237;0,409;2106;52,1;1336;0,529;204;456;0,355;173;0,353;281;2759;0,52;271;0,568
"Groupe";"4";2013;372;0,433;269;0,446;2158;52,5;1414;0,517;172;447;0,365;156;0,372;248;2765;0,511;241;0,581
"Groupe";"4";2014;354;0,429;254;0,437;2198;53,6;1453;0,542;161;425;0,431;141;0,482;243;2857;0,509;234;0,487
"Groupe";"4";2015;351;0,419;247;0,429;2097;52,1;1400;0,524;160;470;0,385;148;0,399;223;2843;0,505;214;0,472
"Groupe";"4";2016;372;0,476;265;0,491;2136;52,4;1485;0,533;161;477;0,411;145;0,414;234;2912;0,533;231;0,645
"Groupe";"4";2017;350;0,48;240;0,492;2124;53,7;1424;0,532;131;430;0,43;123;0,472;216;2987;0,529;210;0,524
"Groupe";"4";2018;395;0,456;290;0,448;2172;53,5;1469;0,547;117;419;0,446;109;0,394;198;2699;0,517;184;0,478
"Groupe";"4";2019;324;0,444;231;0,459;2252;53,4;1502;0,537;98;364;0,437;90;0,4;180;2661;0,505;174;0,58
"Groupe";"4";2020;438;0,47;317;0,483;2214;52,2;1489;0,543;109;429;0,406;102;0,422;204;2823;0,501;196;0,526
"Groupe";"5";2009;423,345958180526;0,197;316;0,18;1315,30849824353;23,8;879;0,234;146;476;0,172;123;0,187;288;1289;0,24;269;0,212
"Groupe";"5";2010;354,597469245227;0,189;272;0,191;1140,2674433442;25,7;818;0,258;117;409;0,164;109;0,156;269;1202;0,251;262;0,267
"Groupe";"5";2011;385;0,164;294;0,163;1186;22,9;850;0,228;142;515;0,167;129;0,147;240;1241;0,23;233;0,189
"Groupe";"5";2012;375;0,205;313;0,217;1112;22,9;838;0,226;132;500;0,186;124;0,113;217;1203;0,248;214;0,248
"Groupe";"5";2013;386;0,218;295;0,231;1146;23,8;867;0,227;91;455;0,2;87;0,149;178;1227;0,24;175;0,217
"Groupe";"5";2014;373;0,18;280;0,196;1167;27,7;876;0,273;80;420;0,2;78;0,192;165;1174;0,235;159;0,245
"Groupe";"5";2015;369;0,182;293;0,195;1132;27,4;853;0,256;79;479;0,211;78;0,218;120;1141;0,247;117;0,239
"Groupe";"5";2016;311;0,196;245;0,216;1102;27;841;0,257;70;399;0,185;66;0,212;153;1194;0,266;150;0,253
"Groupe";"5";2017;373;0,196;296;0,206;998;26,9;749;0,252;73;397;0,184;9;0,208;130;1127;0,25;127;0,268
"Groupe";"5";2018;375;0,205;303;0,201;959;29,6;721;0,294;74;403;0,174;71;0,127;120;1073;0,266;117;0,222
"Groupe";"5";2019;331;0,19;275;0,2;1065;28;751;0,274;75;431;0,197;69;0,203;129;945;0,289;124;0,306
"Groupe";"5";2020;360;0,236;275;0,251;1075;29;762;0,274;69;406;0,212;64;0,313;139;978;0,249;137;0,321
"Groupe";"6";2009;278,709797068266;0,176;184;0,158;807,492544713517;27,4;603;0,289;57;186;0,188;54;0,204;79;638;0,249;76;0,224
"Groupe";"6";2010;238,511268644958;0,184;149;0,174;632,465364864618;25,7;455;0,246;44;146;0,158;43;0,047;64;559;0,249;62;0,258
"Groupe";"6";2011;187;0,155;139;0,137;715;26,7;567;0,261;49;184;0,158;47;0,17;63;647;0,235;59;0,271
"Groupe";"6";2012;212;0,208;171;0,211;654;26,6;517;0,255;40;196;0,128;38;0,079;47;532;0,233;47;0,149
"Groupe";"6";2013;198;0,242;152;0,224;662;27,6;525;0,259;29;131;0,176;28;0,143;52;578;0,235;52;0,25
"Groupe";"6";2014;188;0,255;149;0,242;669;26;530;0,236;25;111;0,135;24;0,208;42;545;0,235;42;0,119
"Groupe";"6";2015;185;0,238;144;0,222;607;29;476;0,275;18;111;0,198;18;0,222;33;451;0,242;33;0,242
"Groupe";"6";2016;191;0,126;143;0,147;552;23,4;413;0,232;20;115;0,087;20;0,15;22;325;0,237;22;0,227
"Groupe";"6";2017;176;0,193;127;0,236;488;26,4;368;0,231;21;89;0,146;1;0,158;13;265;0,242;13;0,077
"Groupe";"6";2018;171;0,216;141;0,234;462;27,1;354;0,266;11;101;0,139;11;0,091;22;287;0,268;22;0,182
"Groupe";"6";2019;189;0,169;158;0,171;474;31;374;0,289;20;101;0,198;19;0,211;15;246;0,26;15;0,333
"Groupe";"6";2020;159;0,214;123;0,244;440;27,7;353;0,286;22;110;0,155;22;0,182;22;283;0,318;21;0,476
"Groupe";"7";2009;289,020749908992;0,27;177;0,243;937,84466391139;40,7;694;0,419;68;181;0,343;62;0,339;139;861;0,41;132;0,417
"Groupe";"7";2010;245,89701897019;0,328;156;0,321;796,790139706275;39,6;632;0,408;67;143;0,294;63;0,333;115;872;0,357;111;0,27
"Groupe";"7";2011;226;0,336;170;0,312;794;41,3;621;0,43;60;161;0,217;56;0,232;119;874;0,395;111;0,405
"Groupe";"7";2012;229;0,354;177;0,356;804;38,8;677;0,378;57;154;0,266;52;0,288;91;815;0,401;89;0,404
"Groupe";"7";2013;242;0,364;177;0,333;719;42;572;0,414;36;94;0,213;31;0,226;68;757;0,396;66;0,379
"Groupe";"7";2014;214;0,341;161;0,342;688;43,8;585;0,446;36;121;0,298;35;0,343;36;612;0,381;34;0,471
"Groupe";"7";2015;184;0,397;144;0,396;603;41,5;493;0,418;25;81;0,309;24;0,333;43;607;0,382;43;0,349
"Groupe";"7";2016;188;0,266;153;0,248;608;42,4;488;0,422;31;105;0,276;28;0,25;52;615;0,371;52;0,346
"Groupe";"7";2017;191;0,382;132;0,394;483;42,4;395;0,423;28;124;0,25;26;0,308;41;475;0,389;38;0,342
"Groupe";"7";2018;224;0,313;176;0,295;490;43,5;381;0,444;20;80;0,275;20;0,35;35;359;0,429;34;0,529
"Groupe";"7";2019;189;0,407;141;0,418;498;42;361;0,407;16;77;0,221;16;0,313;29;286;0,388;28;0,357
"Groupe";"7";2020;170;0,282;124;0,266;431;39,2;291;0,395;18;77;0,273;17;0,471;33;332;0,41;32;0,25
"Groupe";"8";2009;124,73595445605;0,266;88;0,227;470,773872672608;34,7;373;0,324;31;79;0,152;28;0,214;57;322;0,323;54;0,259
"Groupe";"8";2010;95,9507341969615;0,182;85;0,153;358,179774875693;36,4;278;0,367;17;55;0,164;15;0,2;55;343;0,356;51;0,275
"Groupe";"8";2011;88;0,216;73;0,205;431;35,5;344;0,352;33;84;0,179;30;0,267;40;290;0,352;38;0,421
"Groupe";"8";2012;83;0,157;65;0,185;389;40,1;334;0,386;21;53;0,17;19;0;48;296;0,311;42;0,238
"Groupe";"8";2013;107;0,336;92;0,359;411;40,4;346;0,408;28;91;0,253;24;0,375;36;315;0,343;34;0,324
"Groupe";"8";2014;98;0,306;89;0,292;395;43,8;360;0,45;24;99;0,172;23;0,174;26;243;0,416;25;0,44
"Groupe";"8";2015;107;0,243;93;0,237;348;39,4;313;0,403;21;74;0,243;21;0,286;21;284;0,377;21;0,333
"Groupe";"8";2016;79;0,19;58;0,172;353;43,9;315;0,435;16;45;0,289;15;0,333;24;264;0,386;23;0,435
"Groupe";"8";2017;88;0,307;75;0,333;359;39;317;0,379;13;51;0,255;10;0,3;22;196;0,367;20;0,3
"Groupe";"8";2018;105;0,257;93;0,269;362;38,1;321;0,405;16;70;0,143;15;0,267;14;153;0,346;14;0,286
"Groupe";"8";2019;95;0,263;85;0,271;359;40,1;300;0,38;14;47;0,298;13;0,462;15;155;0,335;15;0,333
"Groupe";"8";2020;94;0,309;70;0,229;327;41,9;279;0,416;12;42;0,262;10;0,2;23;252;0,405;22;0,364
"Groupe";"9";2009;438,482810845015;0,147;273;0,161;1396,96597867493;24,2;796;0,229;147;348;0,149;129;0,147;273;1078;0,228;243;0,198
"Groupe";"9";2010;404,821504153883;0,151;251;0,143;1273,63314847454;23,7;765;0,224;150;341;0,132;130;0,131;261;1013;0,228;228;0,197
"Groupe";"9";2011;439;0,175;289;0,183;1376;24;867;0,238;140;344;0,154;127;0,173;247;1143;0,239;237;0,207
"Groupe";"9";2012;437;0,165;309;0,175;1265;23,6;859;0,237;136;337;0,151;116;0,172;225;1056;0,239;208;0,24
"Groupe";"9";2013;443;0,201;319;0,188;1287;22,2;817;0,201;94;278;0,129;85;0,176;206;1093;0,223;194;0,201
"Groupe";"9";2014;381;0,152;260;0,142;1204;27,3;738;0,248;99;294;0,109;94;0,106;142;1021;0,228;137;0,182
"Groupe";"9";2015;371;0,17;276;0,156;1147;27,7;760;0,253;67;260;0,15;59;0,153;132;1056;0,263;125;0,208
"Groupe";"9";2016;379;0,185;290;0,186;1089;28,7;809;0,274;76;288;0,09;72;0,111;110;982;0,248;106;0,236
"Groupe";"9";2017;399;0,198;306;0,206;1035;28,8;771;0,284;77;260;0,162;74;0,162;131;918;0,255;121;0,273
"Groupe";"9";2018;405;0,168;334;0,177;1007;26,6;784;0,267;51;213;0,183;51;0,137;124;845;0,269;113;0,204
"Groupe";"9";2019;429;0,207;349;0,209;1123;27,2;838;0,285;63;268;0,149;61;0,148;114;797;0,272;106;0,34
"Groupe";"9";2020;406;0,19;338;0,186;1154;29,7;787;0,287;81;289;0,156;76;0,197;122;978;0,302;113;0,283
"Section";"1";2009;3,88888888888889;0,25;1;0;275,106857928629;56,3;92;0,478;37;35;0,4;27;0,407;65;225;0,516;63;0,429
"Section";"1";2010;3,56481481481481;0,364;2;0;225,706864864045;55,1;85;0,494;47;41;0,268;30;0,3;73;202;0,545;72;0,431
"Section";"1";2011;2;0,5;0;0;250;55,2;92;0,598;33;25;0,4;21;0,381;76;252;0,587;71;0,535
"Section";"1";2012;3;0;0;0;253;53,8;83;0,518;37;94;0,468;25;0,44;97;234;0,543;94;0,574
"Section";"1";2013;2;0;0;0;215;59,5;70;0,557;26;46;0,391;24;0,417;75;183;0,557;72;0,528
"Section";"1";2014;1;1;0;0;225;55,1;70;0,643;31;42;0,357;27;0,37;80;177;0,571;77;0,571
"Section";"1";2015;175;0,606;14;0,714;238;57,6;75;0,56;36;41;0,39;27;0,333;61;169;0,604;60;0,667
"Section";"1";2016;128;0,516;18;0,556;250;60,4;80;0,713;32;45;0,556;27;0,519;63;225;0,587;62;0,516
"Section";"1";2017;86;0,605;13;0,692;224;50,9;65;0,431;29;45;0,467;27;0,333;78;237;0,565;74;0,635
"Section";"1";2018;52;0,5;6;0,333;223;51,1;55;0,527;25;38;0,553;21;0,619;66;204;0,549;64;0,609
"Section";"1";2019;61;0,541;11;0,636;254;57,5;68;0,559;24;45;0,467;21;0,381;53;214;0,505;50;0,62
"Section";"1";2020;59;0,441;12;0,5;246;49,2;75;0,467;28;49;0,49;26;0,462;55;178;0,545;55;0,455
"Section";"10";2009;27,7160493827161;0,429;11;0,364;187,173785168938;65,3;59;0,678;9;36;0,556;8;0,75;5;122;0,623;5;0,8
"Section";"10";2010;18,2134038800705;0,565;5;0,8;139,220170786814;70;51;0,765;6;32;0,625;6;0,5;5;140;0,714;5;0,8
"Section";"10";2011;20;0,55;10;0,7;118;67,8;39;0,795;7;23;0,609;5;0,6;6;172;0,703;6;0,667
"Section";"10";2012;23;0,435;13;0,385;153;66,7;63;0,73;9;37;0,595;9;0,556;3;81;0,778;3;1
"Section";"10";2013;12;0,5;8;0,625;139;65,5;68;0,691;7;26;0,654;6;0,333;7;170;0,735;7;0,571
"Section";"10";2014;23;0,652;15;0,733;147;66;59;0,627;3;16;0,75;3;0,333;7;246;0,663;7;0,571
"Section";"10";2015;22;0,409;13;0,308;150;66;60;0,8;3;16;0,625;3;0,667;3;72;0,722;3;1
"Section";"10";2016;20;0,75;11;0,727;134;68,7;53;0,698;4;19;0,737;4;1;5;156;0,75;5;0,8
"Section";"10";2017;11;0,727;4;0,75;127;74,8;51;0,784;5;24;0,708;4;1;3;130;0,685;3;1
"Section";"10";2018;25;0,68;14;0,857;155;62,6;70;0,643;1;18;0,778;1;0;7;150;0,713;6;1
"Section";"10";2019;22;0,636;9;0,556;158;58,9;67;0,672;4;22;0,636;4;0,5;2;91;0,681;2;0,5
"Section";"10";2020;17;0,471;9;0,444;175;58,9;72;0,694;1;18;0,611;1;1;5;130;0,669;5;0,4
"Section";"11";2009;39,3675213675214;0,681;32;0,656;210,870640653781;63,6;123;0,667;56;69;0,536;37;0,568;96;344;0,669;92;0,761
"Section";"11";2010;28,4786324786325;0,559;20;0,55;187,820003821181;67,3;117;0,726;50;57;0,526;33;0,545;74;318;0,679;71;0,648
"Section";"11";2011;33;0,576;26;0,615;172;65,7;113;0,673;52;64;0,484;28;0,5;65;306;0,693;59;0,695
"Section";"11";2012;51;0,529;42;0,524;219;66,2;156;0,699;46;63;0,603;38;0,737;68;392;0,676;62;0,661
"Section";"11";2013;36;0,444;34;0,441;187;71,1;127;0,685;31;68;0,5;27;0,481;67;330;0,658;63;0,683
"Section";"11";2014;37;0,622;29;0,586;196;70,4;130;0,723;26;50;0,46;21;0,476;61;395;0,653;59;0,661
"Section";"11";2015;36;0,694;25;0,68;191;68,6;126;0,706;26;55;0,491;20;0,35;64;362;0,691;59;0,729
"Section";"11";2016;33;0,879;27;0,926;150;67,3;111;0,676;33;51;0,686;24;0,708;67;340;0,665;62;0,774
"Section";"11";2017;41;0,78;33;0,788;226;68,1;179;0,709;30;50;0,86;22;0,818;52;398;0,671;51;0,686
"Section";"11";2018;38;0,684;35;0,743;160;63,8;124;0,645;23;59;0,78;21;0,857;52;323;0,675;44;0,659
"Section";"11";2019;34;0,618;28;0,679;197;66;151;0,715;22;65;0,646;19;0,632;52;349;0,691;49;0,735
"Section";"11";2020;45;0,578;35;0,629;215;68,4;161;0,708;22;81;0,58;19;0,632;53;409;0,636;52;0,769
"Section";"12";2009;22,020202020202;0,28;12;0,333;58,8063053155276;71,2;45;0,8;11;22;0,591;9;0,444;20;103;0,709;18;0,556
"Section";"12";2010;12,3313131313131;0,286;8;0,25;55,2422868115563;66,1;32;0,719;12;20;0,5;7;0,286;16;91;0,725;16;0,75
"Section";"12";2011;10;0,6;7;0,857;48;64,6;28;0,714;7;16;0,5;7;0,286;17;93;0,753;17;0,765
"Section";"12";2012;16;0,5;14;0,5;56;67,9;42;0,714;8;24;0,5;8;0,375;13;101;0,683;13;0,846
"Section";"12";2013;14;0,571;9;0,556;50;60;33;0,667;9;30;0,4;8;0,375;10;101;0,673;10;0,6
"Section";"12";2014;16;0,438;9;0,333;52;59,6;42;0,595;4;13;0,385;4;0,25;8;87;0,701;8;0,875
"Section";"12";2015;13;0,385;9;0,333;52;65,4;30;0,667;5;15;0,333;4;0,5;6;64;0,625;6;0,5
"Section";"12";2016;18;0,444;13;0,385;44;68,2;28;0,75;6;26;0,231;6;0,333;6;76;0,553;6;0,833
"Section";"12";2017;15;0,4;11;0,364;40;55;28;0,571;8;24;0,25;8;0,25;9;72;0,653;9;0,556
"Section";"12";2018;15;0,533;14;0,571;55;70,9;45;0,733;4;9;0,444;4;0,75;11;76;0,697;10;0,9
"Section";"12";2019;12;0,75;10;0,8;48;64,6;30;0,6;0;0;0;0;0;4;48;0,667;4;1
"Section";"12";2020;15;0,667;11;0,727;52;65,4;35;0,657;2;8;0,5;1;0;5;50;0,58;5;0,6
"Section";"13";2009;9,02380952380952;0,455;6;0,5;47,9087548062703;63,8;34;0,647;3;6;0,5;2;0;4;40;0,825;4;0,75
"Section";"13";2010;6,56277056277056;0,625;7;0,714;33,0405205560485;67,5;24;0,708;5;11;0,545;5;0,6;6;67;0,716;5;0,8
"Section";"13";2011;9;0,556;7;0,571;41;73,2;25;0,8;1;2;0,5;1;1;4;49;0,837;4;1
"Section";"13";2012;6;0,333;5;0,2;41;82,9;25;0,88;7;17;0,588;7;0,429;3;35;0,714;3;0,667
"Section";"13";2013;11;0,818;6;1;33;81,8;23;0,783;0;0;0;0;0;5;56;0,857;5;0,8
"Section";"13";2014;5;0,8;2;1;34;73,5;22;0,682;2;4;0,5;2;1;2;30;0,867;1;1
"Section";"13";2015;10;0,8;8;0,75;34;76,5;22;0,818;2;2;0,5;2;0,5;5;56;0,893;5;0,8
"Section";"13";2016;5;0,2;4;0;28;82,1;13;0,846;2;5;0,4;2;1;1;7;0,714;1;0
"Section";"13";2017;10;0,5;9;0,444;43;76,7;27;0,852;4;10;0,4;3;0,667;6;45;0,867;6;1
"Section";"13";2018;9;0,556;7;0,714;46;73,9;29;0,759;3;11;0,636;3;0,333;6;85;0,776;6;0,5
"Section";"13";2019;6;0,833;2;0,5;42;54,8;29;0,552;0;0;0;0;0;2;25;0,68;2;0,5
"Section";"13";2020;12;0,75;9;0,667;39;56,4;20;0,65;2;6;0,667;1;0;4;40;0,85;4;1
"Section";"14";2009;32,1271995977878;0,553;23;0,522;203,643201909338;68,6;101;0,743;33;39;0,487;16;0,625;58;281;0,641;56;0,607
"Section";"14";2010;42,2726310497208;0,54;25;0,6;177,556676044919;72;85;0,729;35;48;0,521;25;0,64;45;263;0,73;43;0,698
"Section";"14";2011;36;0,556;22;0,545;174;73,6;98;0,724;32;46;0,543;26;0,577;52;293;0,724;46;0,739
"Section";"14";2012;31;0,71;27;0,667;216;69,9;120;0,717;26;47;0,468;21;0,429;36;289;0,696;35;0,486
"Section";"14";2013;27;0,667;22;0,773;222;71,6;127;0,724;22;34;0,618;18;0,667;45;344;0,663;43;0,721
"Section";"14";2014;29;0,586;20;0,65;206;65,5;100;0,67;20;46;0,652;18;0,778;40;342;0,693;37;0,595
"Section";"14";2015;34;0,588;27;0,519;211;63,5;126;0,643;16;30;0,567;13;0,462;43;353;0,663;42;0,548
"Section";"14";2016;22;0,455;15;0,333;205;64,9;122;0,721;12;21;0,619;9;0,778;34;352;0,651;34;0,588
"Section";"14";2017;26;0,577;23;0,565;198;62,1;138;0,659;13;32;0,406;12;0,5;29;354;0,636;28;0,607
"Section";"14";2018;30;0,7;26;0,731;212;66,5;137;0,657;12;45;0,578;10;0,6;27;269;0,595;25;0,56
"Section";"14";2019;28;0,429;27;0,444;204;62,7;146;0,644;15;49;0,49;15;0,4;20;275;0,633;20;0,55
"Section";"14";2020;27;0,593;22;0,591;205;64,9;139;0,676;12;33;0,636;10;0,8;18;302;0,619;16;0,5
"Section";"15";2009;23,0421455938697;0,3;16;0,375;146,870421133853;56,2;88;0,545;16;17;0,471;11;0,455;18;90;0,478;18;0,444
"Section";"15";2010;17,6656449553001;0,435;12;0,417;106,381818551007;50;63;0,571;11;17;0,235;8;0,25;22;126;0,556;21;0,619
"Section";"15";2011;22;0,455;16;0,438;107;51,4;63;0,54;11;12;0,167;10;0,1;21;110;0,618;19;0,579
"Section";"15";2012;23;0,304;13;0,231;122;62,3;73;0,671;9;9;0,111;8;0,125;26;126;0,651;24;0,667
"Section";"15";2013;14;0,357;11;0,364;151;52,3;100;0,55;4;4;0,5;3;0,667;22;122;0,631;20;0,65
"Section";"15";2014;18;0,556;17;0,529;138;57,2;96;0,542;10;20;0,4;7;0,286;26;176;0,563;26;0,423
"Section";"15";2015;23;0,522;22;0,5;139;51,8;91;0,56;12;28;0,5;10;0,6;13;129;0,589;13;0,462
"Section";"15";2016;19;0,316;15;0,2;140;63,6;97;0,629;18;34;0,294;17;0,235;21;186;0,554;20;0,6
"Section";"15";2017;20;0,35;15;0,333;166;59,6;105;0,581;8;16;0,313;8;0,25;17;182;0,604;16;0,5
"Section";"15";2018;18;0,389;16;0,438;163;53,4;104;0,538;3;4;0,5;3;0,333;22;181;0,569;22;0,591
"Section";"15";2019;19;0,526;17;0,471;165;57;109;0,56;7;15;0,4;5;0,2;18;192;0,51;17;0,471
"Section";"15";2020;23;0,478;17;0,471;185;55,1;94;0,553;12;27;0,556;12;0,583;16;130;0,569;15;0,667
"Section";"16";2009;74,3258145363409;0,398;48;0,417;298,352318263519;59,9;141;0,645;42;74;0,419;34;0,441;66;310;0,603;63;0,524
"Section";"16";2010;49,8320802005013;0,475;32;0,469;247,073013561977;61,6;108;0,593;36;58;0,517;30;0,467;66;373;0,601;58;0,552
"Section";"16";2011;66;0,424;49;0,469;254;61,8;113;0,637;40;62;0,419;35;0,371;76;334;0,65;75;0,733
"Section";"16";2012;48;0,479;34;0,529;275;62,2;137;0,657;37;53;0,528;28;0,5;64;337;0,567;60;0,617
"Section";"16";2013;65;0,538;46;0,522;257;62,6;164;0,616;29;70;0,471;27;0,519;64;326;0,641;61;0,672
"Section";"16";2014;72;0,5;50;0,5;280;61,4;165;0,618;36;68;0,574;28;0,5;58;377;0,581;54;0,63
"Section";"16";2015;52;0,635;38;0,684;242;57,9;148;0,568;36;76;0,592;33;0,606;56;353;0,547;53;0,547
"Section";"16";2016;71;0,676;60;0,633;274;61,3;152;0,612;28;71;0,577;27;0,593;66;387;0,592;65;0,662
"Section";"16";2017;52;0,596;38;0,526;263;60,8;174;0,603;25;64;0,547;22;0,545;47;331;0,58;44;0,636
"Section";"16";2018;77;0,545;56;0,518;237;64,1;159;0,673;19;51;0,588;18;0,444;50;388;0,559;46;0,609
"Section";"16";2019;52;0,538;40;0,575;225;65,3;170;0,682;14;52;0,462;12;0,417;59;355;0,58;56;0,554
"Section";"16";2020;72;0,597;57;0,579;248;59,3;164;0,585;17;54;0,611;16;0,688;48;303;0,564;46;0,63
"Section";"17";2009;32,7068181818182;0,154;18;0,167;249,436531502767;35,3;111;0,36;11;43;0,279;11;0,273;13;267;0,341;13;0,308
"Section";"17";2010;40,2545454545455;0,25;24;0,167;225,016171775223;35,3;114;0,421;17;77;0,234;16;0,125;14;225;0,324;14;0,357
"Section";"17";2011;48;0,333;34;0,382;229;32,3;129;0,333;13;63;0,286;12;0,25;18;317;0,363;17;0,647
"Section";"17";2012;33;0,333;22;0,318;225;34,2;158;0,323;15;62;0,242;14;0,214;12;262;0,347;11;0,273
"Section";"17";2013;36;0,333;24;0,375;232;37,1;168;0,357;15;71;0,296;15;0,267;7;267;0,352;7;0,429
"Section";"17";2014;41;0,341;32;0,375;233;36,9;180;0,367;14;60;0,383;13;0,538;16;324;0,327;16;0,25
"Section";"17";2015;38;0,342;27;0,333;206;34,5;139;0,345;14;67;0,269;14;0,214;24;413;0,378;24;0,292
"Section";"17";2016;39;0,231;27;0,185;220;40,5;149;0,383;13;62;0,371;11;0,455;16;354;0,39;16;0,688
"Section";"17";2017;54;0,278;41;0,293;236;42,8;170;0,412;17;82;0,28;16;0,375;12;358;0,436;12;0,667
"Section";"17";2018;31;0,484;25;0,52;208;36,5;131;0,382;10;63;0,286;10;0,4;15;296;0,361;14;0,214
"Section";"17";2019;31;0,226;24;0,25;262;38,5;178;0,382;10;51;0,294;9;0,333;11;331;0,408;10;0,7
"Section";"17";2020;47;0,319;40;0,3;242;36,4;146;0,39;13;101;0,228;13;0,308;18;345;0,359;17;0,353
"Section";"18";2009;49,7540044493882;0,333;35;0,371;378,608007054569;56;199;0,573;23;56;0,357;18;0,278;34;437;0,563;31;0,516
"Section";"18";2010;46,2624953652206;0,434;37;0,351;320,15930550467;57,5;153;0,641;26;67;0,388;23;0,435;35;432;0,576;34;0,5
"Section";"18";2011;51;0,451;35;0,457;337;57;201;0,532;30;84;0,321;25;0,4;49;568;0,572;49;0,592
"Section";"18";2012;53;0,528;29;0,586;369;59,1;180;0,583;23;64;0,438;19;0,316;30;450;0,578;30;0,467
"Section";"18";2013;53;0,415;39;0,436;379;59,4;188;0,543;16;75;0,44;15;0,267;42;500;0,56;42;0,524
"Section";"18";2014;51;0,588;25;0,6;403;61,3;229;0,607;22;58;0,397;20;0,2;36;462;0,578;34;0,441
"Section";"18";2015;48;0,458;29;0,483;391;59,6;222;0,608;17;55;0,509;14;0,5;38;549;0,585;37;0,595
"Section";"18";2016;52;0,481;30;0,6;402;62,9;216;0,634;16;52;0,519;16;0,313;33;488;0,623;33;0,636
"Section";"18";2017;61;0,574;28;0,643;396;56,1;207;0,556;12;39;0,641;11;0,818;34;520;0,623;32;0,688
"Section";"18";2018;53;0,585;29;0,586;401;60,3;202;0,599;11;52;0,654;9;0,444;30;478;0,6;27;0,481
"Section";"18";2019;44;0,386;22;0,409;466;61,4;228;0,588;18;62;0,452;18;0,333;20;512;0,535;19;0,737
"Section";"18";2020;75;0,56;50;0,6;451;60,1;239;0,636;12;47;0,426;11;0,273;30;509;0,576;30;0,467
"Section";"19";2009;66,6724604721681;0,312;30;0,133;436,190041657336;47,8;264;0,511;28;55;0,382;21;0,476;42;564;0,496;40;0,5
"Section";"19";2010;58,0136993718865;0,328;21;0,571;369,023096836913;48,6;221;0,561;29;67;0,448;21;0,524;48;770;0,503;48;0,5
"Section";"19";2011;70;0,386;33;0,424;430;50;237;0,527;33;80;0,325;22;0,318;31;522;0,559;31;0,581
"Section";"19";2012;69;0,261;40;0,25;403;53,3;217;0,576;28;94;0,319;24;0,375;46;687;0,525;43;0,605
"Section";"19";2013;67;0,388;46;0,435;439;51;221;0,575;24;74;0,284;22;0,318;28;587;0,559;27;0,815
"Section";"19";2014;44;0,432;27;0,407;414;53,1;222;0,536;25;76;0,382;23;0,522;32;615;0,538;32;0,531
"Section";"19";2015;52;0,365;29;0,345;421;55,1;234;0,556;15;71;0,352;13;0,308;27;606;0,587;25;0,48
"Section";"19";2016;51;0,451;26;0,538;389;51,9;227;0,551;22;79;0,405;21;0,476;39;609;0,55;39;0,641
"Section";"19";2017;60;0,45;36;0,444;423;56,3;220;0,527;24;88;0,398;23;0,478;27;647;0,535;27;0,333
"Section";"19";2018;85;0,494;55;0,491;472;54,9;251;0,57;17;71;0,366;16;0,313;27;613;0,524;24;0,417
"Section";"19";2019;74;0,432;41;0,439;486;53,7;243;0,539;13;64;0,422;13;0,538;30;594;0,525;30;0,567
"Section";"19";2020;69;0,522;26;0,5;459;54,5;237;0,586;12;67;0,433;11;0,455;28;595;0,558;28;0,607
"Section";"2";2009;2,48888888888889;0,143;NA;NA;225,431972265744;41;46;0,391;29;22;0,273;15;0,2;58;111;0,396;51;0,373
"Section";"2";2010;0,711111111111111;0,5;NA;NA;217,945301600092;46,9;60;0,483;36;31;0,355;24;0,375;47;121;0,471;45;0,467
"Section";"2";2011;0;0;0;0;202;48;48;0,521;34;34;0,294;22;0,318;67;144;0,521;62;0,581
"Section";"2";2012;1;0;0;0;224;46,9;57;0,368;35;57;0,333;24;0,25;49;111;0,432;46;0,435
"Section";"2";2013;1;1;0;0;213;49,3;49;0,551;26;23;0,348;19;0,474;71;129;0,465;61;0,443
"Section";"2";2014;1;0;0;0;229;45,4;58;0,431;33;35;0,314;23;0,348;41;112;0,429;41;0,463
"Section";"2";2015;81;0,531;9;0,556;221;53,8;62;0,597;34;32;0,375;27;0,444;54;127;0,52;54;0,481
"Section";"2";2016;62;0,548;11;0,636;194;46,4;57;0,509;28;41;0,366;26;0,269;37;120;0,533;36;0,556
"Section";"2";2017;63;0,397;10;0,3;194;48,5;50;0,5;27;34;0,441;24;0,5;43;130;0,5;41;0,439
"Section";"2";2018;58;0,414;12;0,583;224;42,4;63;0,476;21;31;0,387;19;0,368;27;126;0,492;27;0,519
"Section";"2";2019;53;0,377;9;0,556;219;37,4;57;0,368;21;43;0,419;21;0,524;44;150;0,44;43;0,372
"Section";"2";2020;56;0,393;12;0,333;250;44,8;64;0,375;18;34;0,353;18;0,389;41;158;0,386;41;0,415
"Section";"20";2009;36,3904761904762;0,298;19;0,421;238,681218603285;54,2;119;0,571;5;13;0,308;4;0,25;7;173;0,59;6;0,667
"Section";"20";2010;29,4220871327254;0,395;19;0,526;236,371400358737;54,1;126;0,563;4;15;0,333;4;0;3;62;0,532;3;1
"Section";"20";2011;20;0,4;12;0,417;233;61,8;111;0,649;10;29;0,448;9;0,444;8;190;0,6;8;0,5
"Section";"20";2012;20;0,35;14;0,286;238;60,9;130;0,631;6;16;0,25;6;0;12;211;0,654;12;0,667
"Section";"20";2013;38;0,605;17;0,765;227;57,7;136;0,61;4;7;0,286;4;0,5;6;89;0,652;6;0,833
"Section";"20";2014;20;0,5;15;0,467;221;60,6;135;0,696;6;24;0,583;6;0,667;6;159;0,654;6;0,5
"Section";"20";2015;22;0,5;14;0,429;194;61,9;119;0,639;4;15;0,533;4;1;10;242;0,665;9;0,556
"Section";"20";2016;26;0,5;14;0,5;221;56,6;152;0,592;6;14;0,429;5;0;6;137;0,628;6;0,5
"Section";"20";2017;19;0,579;13;0,769;207;60,9;133;0,647;2;2;0;1;0;5;145;0,572;5;0,4
"Section";"20";2018;26;0,538;15;0,533;245;61,6;160;0,638;2;16;0,688;2;0,5;6;121;0,628;6;0,667
"Section";"20";2019;24;0,625;17;0,706;222;62,2;132;0,682;4;16;0,875;2;1;3;88;0,67;3;1
"Section";"20";2020;40;0,525;29;0,448;236;59,7;166;0,614;5;30;0,567;4;0,75;6;164;0,537;6;0,5
"Section";"21";2009;28,685608949911;0,59;30;0,6;235,507426150406;51,6;158;0,5;17;36;0,444;15;0,533;26;263;0,532;25;0,48
"Section";"21";2010;29,4211373845241;0,375;22;0,455;220,013516535248;55,6;146;0,596;22;44;0,432;18;0,389;33;326;0,558;33;0,485
"Section";"21";2011;33;0,303;26;0,231;199;53,3;131;0,511;24;49;0,449;22;0,591;26;323;0,505;26;0,538
"Section";"21";2012;36;0,444;25;0,44;204;58,3;136;0,625;32;53;0,396;29;0,379;30;316;0,522;30;0,567
"Section";"21";2013;25;0,64;17;0,647;209;56,5;134;0,56;17;30;0,567;16;0,625;29;318;0,541;28;0,536
"Section";"21";2014;35;0,4;29;0,345;213;56,8;132;0,545;16;42;0,333;13;0,538;18;287;0,519;18;0,444
"Section";"21";2015;35;0,543;30;0,533;202;59,9;142;0,599;16;39;0,333;16;0,313;9;201;0,473;9;0,111
"Section";"21";2016;29;0,414;23;0,435;224;57,1;165;0,594;19;36;0,25;15;0,2;16;311;0,569;16;0,438
"Section";"21";2017;32;0,531;23;0,522;187;52,9;137;0,54;13;48;0,438;13;0,462;21;351;0,513;20;0,3
"Section";"21";2018;43;0,372;31;0,419;239;53,6;178;0,545;23;54;0,444;23;0,435;12;234;0,513;12;0,5
"Section";"21";2019;33;0,545;29;0,552;254;55,1;161;0,584;9;22;0,5;9;0,444;17;324;0,485;17;0,588
"Section";"21";2020;44;0,386;36;0,417;245;49;178;0,478;13;35;0,429;13;0,385;14;327;0,483;12;0,333
"Section";"22";2009;87,4189015716615;0,35;61;0,426;488,079719248968;48,4;314;0,49;32;84;0,298;29;0,241;41;569;0,475;39;0,333
"Section";"22";2010;58,5706640530132;0,239;38;0,184;413,124619507162;48,3;233;0,498;40;106;0,283;36;0,278;42;601;0,488;42;0,548
"Section";"22";2011;74;0,378;54;0,389;449;49,4;291;0,467;36;111;0,315;34;0,382;46;696;0,51;42;0,5
"Section";"22";2012;65;0,431;57;0,386;470;47,9;321;0,474;40;88;0,25;34;0,294;48;680;0,487;47;0,532
"Section";"22";2013;64;0,391;50;0,36;466;48,1;319;0,448;28;76;0,263;26;0,192;33;651;0,445;33;0,455
"Section";"22";2014;57;0,333;45;0,422;492;52,4;313;0,505;20;80;0,388;20;0,5;42;647;0,464;40;0,35
"Section";"22";2015;69;0,319;52;0,346;466;53,6;304;0,533;26;87;0,276;25;0,24;30;600;0,483;28;0,464
"Section";"22";2016;62;0,532;49;0,551;487;46;358;0,458;29;102;0,363;26;0,462;31;631;0,498;29;0,793
"Section";"22";2017;56;0,464;42;0,5;465;52,5;319;0,524;20;74;0,392;19;0,474;42;741;0,483;42;0,5
"Section";"22";2018;79;0,342;63;0,349;495;49,1;342;0,5;26;98;0,398;23;0,435;29;550;0,455;27;0,407
"Section";"22";2019;52;0,423;38;0,421;468;47,9;333;0,48;18;70;0,414;17;0,353;20;578;0,486;20;0,45
"Section";"22";2020;81;0,383;60;0,417;498;50,8;346;0,517;23;90;0,411;21;0,476;33;625;0,462;30;0,6
"Section";"23";2009;33,9300506212609;0,325;25;0,4;199,659149913103;40,5;136;0,382;28;43;0,302;22;0,273;44;307;0,446;43;0,349
"Section";"23";2010;28,8405430280718;0,324;23;0,217;176,682501708817;45,7;132;0,455;26;37;0,243;20;0,25;47;309;0,408;46;0,478
"Section";"23";2011;38;0,184;33;0,182;180;46,7;130;0,492;23;48;0,167;21;0,19;31;274;0,467;30;0,4
"Section";"23";2012;27;0,407;18;0,5;187;48,1;124;0,508;15;41;0,317;12;0,5;28;285;0,481;28;0,679
"Section";"23";2013;46;0,348;34;0,353;212;50;143;0,517;32;59;0,407;26;0,385;27;300;0,43;26;0,346
"Section";"23";2014;48;0,375;32;0,438;210;45,2;137;0,511;13;36;0,417;11;0,364;23;331;0,48;22;0,455
"Section";"23";2015;37;0,162;24;0,208;233;45,1;151;0,424;22;56;0,375;19;0,316;25;327;0,446;25;0,4
"Section";"23";2016;42;0,357;30;0,367;213;47,4;145;0,49;22;71;0,38;19;0,316;19;286;0,503;19;0,474
"Section";"23";2017;32;0,469;23;0,478;176;51,7;117;0,487;14;42;0,5;14;0,357;22;291;0,553;22;0,5
"Section";"23";2018;34;0,353;25;0,24;214;46,7;126;0,492;7;35;0,514;6;0,167;23;298;0,544;23;0,478
"Section";"23";2019;36;0,306;21;0,238;226;46;117;0,419;10;40;0,375;9;0,333;14;188;0,441;14;0,5
"Section";"23";2020;49;0,449;29;0,552;200;45,5;116;0,534;13;35;0,343;12;0,167;25;281;0,459;25;0,44
"Section";"24";2009;31,2;0,361;11;0,273;152,054062360404;46,4;74;0,581;12;23;0,304;9;0,333;14;187;0,513;14;0,429
"Section";"24";2010;36,4;0,333;17;0,353;148,094321153102;47,6;77;0,494;9;16;0,25;6;0,167;15;158;0,5;14;0,571
"Section";"24";2011;39;0,333;19;0,316;135;61,5;75;0,627;10;30;0,4;8;0,625;14;149;0,497;14;0,357
"Section";"24";2012;35;0,429;7;0,857;138;47,8;58;0,552;8;26;0,308;7;0,286;11;133;0,526;10;0,5
"Section";"24";2013;27;0,296;9;0,333;149;47,7;67;0,493;7;20;0,3;5;0,4;12;154;0,506;11;0,727
"Section";"24";2014;30;0,467;11;0,455;161;56,5;71;0,648;9;20;0,65;7;0,857;12;184;0,467;12;0,75
"Section";"24";2015;49;0,367;15;0,333;170;42,9;82;0,537;10;28;0,357;10;0,4;4;104;0,5;4;0,5
"Section";"24";2016;35;0,4;15;0,4;161;54;64;0,688;6;22;0,409;5;0,6;8;193;0,565;8;0,875
"Section";"24";2017;31;0,484;16;0,625;149;52,3;75;0,533;4;24;0,417;4;0;6;125;0,56;6;0,5
"Section";"24";2018;20;0,5;9;0,556;119;52,1;55;0,564;2;9;0,333;2;0;6;135;0,496;5;0,4
"Section";"24";2019;25;0,48;13;0,385;160;55;80;0,575;2;6;0,333;1;0;6;102;0,471;5;0,6
"Section";"24";2020;34;0,441;12;0,583;139;54;68;0,618;1;9;0,222;1;0;2;36;0,639;2;0,5
"Section";"25";2009;150,092591677212;0,155;121;0,157;319,669455653549;19,2;249;0,185;31;242;0,153;29;0,172;61;499;0,204;58;0,224
"Section";"25";2010;102,547733444058;0,118;89;0,124;256,742397454031;21,6;207;0,237;26;194;0,144;26;0,077;46;447;0,228;46;0,196
"Section";"25";2011;101;0,109;97;0,113;252;19,8;201;0,189;36;219;0,155;36;0,056;57;506;0,227;57;0,123
"Section";"25";2012;110;0,155;104;0,154;258;24;223;0,229;34;218;0,161;33;0,061;42;425;0,235;42;0,262
"Section";"25";2013;118;0,161;112;0,161;283;18;242;0,174;17;208;0,154;17;0,059;32;450;0,216;32;0,188
"Section";"25";2014;111;0,162;100;0,15;290;23,1;238;0,214;16;198;0,157;15;0,067;19;443;0,214;18;0,111
"Section";"25";2015;99;0,131;95;0,137;305;23,6;277;0,213;28;219;0,16;28;0,107;20;484;0,223;20;0,35
"Section";"25";2016;74;0,122;68;0,118;296;22;256;0,207;19;153;0,157;17;0,294;30;495;0,251;30;0,2
"Section";"25";2017;87;0,161;82;0,159;230;18,3;203;0,153;15;140;0,121;15;0,133;25;437;0,206;24;0,167
"Section";"25";2018;95;0,168;90;0,156;222;22,5;197;0,218;14;136;0,154;14;0,143;22;420;0,193;22;0,091
"Section";"25";2019;81;0,099;79;0,089;280;22,5;248;0,226;15;143;0,175;15;0,067;22;338;0,219;21;0,238
"Section";"25";2020;91;0,209;81;0,21;259;24,3;230;0,23;8;160;0,169;8;0,25;27;455;0,222;27;0,222
"Section";"26";2009;140,394335986594;0,224;101;0,218;493,973007023719;25,2;256;0,301;41;210;0,152;34;0,147;86;545;0,261;80;0,288
"Section";"26";2010;115,195352604385;0,234;84;0,25;400,084301921608;25,6;251;0,259;38;181;0,182;36;0,222;84;493;0,272;82;0,268
"Section";"26";2011;138;0,159;100;0,16;426;26,8;289;0,27;37;212;0,132;35;0,171;75;534;0,272;74;0,189
"Section";"26";2012;136;0,213;111;0,225;394;26,6;271;0,292;28;180;0,178;26;0,154;56;421;0,276;55;0,327
"Section";"26";2013;139;0,23;97;0,247;440;26,1;290;0,248;33;192;0,198;30;0,3;49;439;0,271;49;0,265
"Section";"26";2014;145;0,234;110;0,245;455;30,3;310;0,303;31;152;0,263;30;0,333;52;486;0,247;51;0,255
"Section";"26";2015;127;0,157;98;0,173;411;31,9;284;0,331;19;129;0,178;19;0,263;48;493;0,28;47;0,277
"Section";"26";2016;99;0,192;78;0,218;436;31;291;0,309;19;126;0,206;18;0,111;50;577;0,326;50;0,38
"Section";"26";2017;136;0,191;111;0,207;408;29,2;290;0,307;27;132;0,182;26;0,192;31;430;0,26;30;0,367
"Section";"26";2018;121;0,264;98;0,255;330;31,8;244;0,307;26;163;0,178;26;0,192;30;457;0,278;29;0,414
"Section";"26";2019;117;0,179;102;0,176;402;29,4;266;0,323;19;151;0,139;19;0,158;41;365;0,288;39;0,359
"Section";"26";2020;126;0,27;99;0,283;408;29,4;267;0,277;21;161;0,217;21;0,524;42;422;0,268;42;0,381
"Section";"27";2009;183,902153110048;0,186;117;0,171;759,252187354067;24;466;0,215;74;176;0,188;60;0,217;141;689;0,238;131;0,16
"Section";"27";2010;178,647805878332;0,196;121;0,207;686,670614126879;26,7;440;0,264;53;157;0,172;47;0,149;139;684;0,254;134;0,291
"Section";"27";2011;204;0,176;136;0,184;709;21,2;450;0,204;69;229;0,197;58;0,19;108;647;0,204;102;0,225
"Section";"27";2012;179;0,223;128;0,258;669;21,7;450;0,2;70;232;0,185;65;0,123;119;677;0,242;117;0,205
"Section";"27";2013;172;0,227;120;0,267;652;23,5;449;0,227;41;190;0,237;40;0,075;97;674;0,24;94;0,202
"Section";"27";2014;170;0,135;103;0,155;625;27,5;435;0,29;33;161;0,193;33;0,121;94;602;0,239;90;0,267
"Section";"27";2015;185;0,205;127;0,244;627;26,6;410;0,237;32;208;0,26;31;0,29;52;535;0,234;50;0,16
"Section";"27";2016;171;0,228;121;0,256;607;26;406;0,246;32;165;0,194;31;0,226;73;564;0,232;70;0,186
"Section";"27";2017;188;0,202;125;0,224;553;26,8;365;0,236;31;178;0,213;31;0,258;74;602;0,272;73;0,26
"Section";"27";2018;204;0,181;139;0,187;566;29,7;382;0,296;34;161;0,18;31;0,065;68;558;0,292;66;0,182
"Section";"27";2019;174;0,23;123;0,268;570;28,8;327;0,269;41;214;0,234;35;0,286;66;468;0,308;64;0,297
"Section";"27";2020;193;0,212;124;0,234;579;30,4;353;0,275;40;188;0,213;35;0,2;70;446;0,265;68;0,324
"Section";"28";2009;197,796744960611;0,178;109;0,156;558,73533924587;29,1;373;0,322;32;124;0,21;30;0,267;43;405;0,257;43;0,256
"Section";"28";2010;131,24830740377;0,204;75;0,187;435,313204606484;26,8;292;0,247;21;62;0,161;20;0,05;39;377;0,268;38;0,289
"Section";"28";2011;117;0,179;74;0,176;475;28;335;0,287;33;102;0,186;32;0,219;42;440;0,259;39;0,282
"Section";"28";2012;138;0,188;103;0,184;448;26,1;322;0,242;24;130;0,123;23;0,087;28;373;0,239;28;0,143
"Section";"28";2013;145;0,262;105;0,238;439;29,2;314;0,264;16;78;0,205;16;0,25;36;466;0,238;36;0,194
"Section";"28";2014;129;0,279;95;0,242;434;27,2;320;0,231;10;70;0,129;10;0,1;25;351;0,236;25;0,16
"Section";"28";2015;105;0,257;81;0,247;416;30,3;304;0,273;12;63;0,143;12;0,333;19;274;0,23;19;0,316
"Section";"28";2016;107;0,168;74;0,216;402;23,9;271;0,236;13;80;0,075;13;0,077;16;251;0,227;16;0,188
"Section";"28";2017;108;0,25;80;0,288;334;28,4;230;0,23;10;63;0,159;9;0,222;8;180;0,211;8;0
"Section";"28";2018;116;0,207;85;0,224;298;29,9;202;0,317;7;86;0,116;7;0,143;8;109;0,312;8;0,25
"Section";"28";2019;126;0,175;96;0,177;324;30,9;230;0,27;15;76;0,263;14;0,286;8;162;0,247;8;0,25
"Section";"28";2020;94;0,191;65;0,246;317;30,9;247;0,312;13;80;0,163;13;0,231;15;240;0,313;14;0,429
"Section";"29";2009;62,660736347912;0,128;46;0,13;163,72285618536;22,6;117;0,205;9;28;0,179;8;0,25;16;135;0,178;14;0,143
"Section";"29";2010;80,334277369118;0,14;46;0,109;120,063427869264;25,2;99;0,273;10;38;0,132;10;0;12;128;0,25;11;0,455
"Section";"29";2011;50;0,06;44;0,068;142;22,5;123;0,22;7;43;0,093;7;0,143;9;153;0,183;9;0,222
"Section";"29";2012;49;0,184;40;0,175;127;25,2;111;0,261;6;45;0,089;5;0;7;93;0,204;7;0,143
"Section";"29";2013;33;0,152;22;0,182;134;22,4;106;0,217;4;19;0,158;3;0;6;91;0,198;6;0,667
"Section";"29";2014;40;0,15;33;0,182;164;21,3;132;0,227;6;28;0,107;6;0,333;6;123;0,171;6;0
"Section";"29";2015;53;0,226;39;0,179;117;24,8;95;0,253;2;28;0,214;2;0;5;64;0,188;5;0
"Section";"29";2016;50;0,02;34;0,029;103;21,4;82;0,207;4;34;0,059;4;0,25;2;17;0,118;2;0
"Section";"29";2017;41;0,098;20;0,2;96;22,9;77;0,234;0;0;0;0;0;2;54;0,315;2;0,5
"Section";"29";2018;29;0,172;26;0,192;97;19,6;84;0,179;1;1;0;1;0;4;71;0,127;4;0
"Section";"29";2019;40;0,175;35;0,2;112;22,3;100;0,23;2;24;0;2;0;4;45;0,156;4;0,5
"Section";"29";2020;28;0,25;24;0,25;72;30,6;57;0,316;5;31;0,194;5;0,2;4;36;0,306;4;0,5
"Section";"3";2009;0;NA;NA;NA;55,1509259259259;43,3;28;0,393;12;10;0,5;8;0,5;10;69;0,42;10;0,4
"Section";"3";2010;0;0;NA;NA;34,5722222222222;42,9;13;0,615;6;5;0,2;5;0,2;8;61;0,377;8;0,5
"Section";"3";2011;0;0;0;0;43;41,9;21;0,524;5;6;0,333;4;0,5;11;64;0,375;11;0,727
"Section";"3";2012;0;0;0;0;51;41,2;17;0,412;4;4;0;2;0;10;61;0,328;10;0,4
"Section";"3";2013;0;0;0;0;49;40,8;22;0,273;7;7;0,286;7;0,286;16;65;0,431;15;0,4
"Section";"3";2014;0;0;0;0;45;42,2;14;0,5;4;3;0;3;0;7;55;0,4;7;0,286
"Section";"3";2015;13;0,308;3;0,667;34;32,4;15;0,333;11;12;0,5;9;0,556;7;50;0,3;7;0,143
"Section";"3";2016;10;0,3;2;0,5;34;38,2;16;0,438;4;3;0;2;0;6;43;0,372;6;0,333
"Section";"3";2017;10;0,4;3;0,333;30;30;9;0,333;6;6;0,333;6;0,333;4;44;0,341;4;0,25
"Section";"3";2018;2;0,5;0;0;43;34,9;13;0,385;2;3;0,333;1;0;4;37;0,351;4;0,25
"Section";"3";2019;1;0;0;0;45;42,2;21;0,476;2;2;0;2;0;6;55;0,364;6;0,5
"Section";"3";2020;7;0,286;2;0;47;25,5;20;0,25;1;1;0;1;0;5;54;0,37;5;0,6
"Section";"30";2009;85,0759902432826;0,163;61;0,131;285,100496286805;26,4;232;0,28;16;46;0,087;16;0,063;20;201;0,269;19;0,211
"Section";"30";2010;57,3338195117774;0,21;47;0,191;209,015394517014;23,8;168;0,232;13;54;0,167;13;0,077;13;151;0,205;13;0
"Section";"30";2011;50;0,22;41;0,22;228;23,2;198;0,212;9;49;0,143;8;0;12;110;0,191;11;0,273
"Section";"30";2012;68;0,191;54;0,222;215;24,7;185;0,238;10;38;0,158;10;0,1;12;138;0,232;12;0,167
"Section";"30";2013;56;0,214;48;0,188;219;29,7;190;0,289;9;45;0,089;9;0;10;127;0,189;10;0,2
"Section";"30";2014;54;0,241;42;0,262;214;25,2;180;0,25;9;24;0,125;8;0,25;11;141;0,248;11;0,091
"Section";"30";2015;50;0,14;42;0,167;189;27,5;157;0,28;4;22;0,318;4;0;9;153;0,275;9;0,222
"Section";"30";2016;69;0,145;56;0,125;189;20,6;163;0,202;3;10;0,2;3;0,333;4;78;0,308;4;0,5
"Section";"30";2017;56;0,179;45;0,178;140;21,4;111;0,207;11;31;0,129;10;0,1;3;56;0,232;3;0
"Section";"30";2018;50;0,24;43;0,256;151;25,8;120;0,258;3;19;0,263;3;0;10;145;0,269;10;0,2
"Section";"30";2019;54;0,111;47;0,106;138;34,8;108;0,324;3;9;0;3;0;3;66;0,303;3;0,333
"Section";"30";2020;49;0,224;39;0,231;134;18,7;94;0,149;4;7;0,143;4;0;3;25;0,28;3;0,667
"Section";"31";2009;129,070712984647;0,267;80;0,238;471,369234432639;42,8;294;0,439;25;89;0,337;22;0,409;52;400;0,445;51;0,431
"Section";"31";2010;111,000813166797;0,364;75;0,333;399,674962761941;44,1;264;0,424;28;82;0,28;27;0,333;43;381;0,37;42;0,286
"Section";"31";2011;107;0,364;80;0,338;379;45,6;256;0,438;25;87;0,195;22;0,136;39;360;0,411;36;0,361
"Section";"31";2012;108;0,407;83;0,422;444;41,9;343;0,391;26;76;0,25;23;0,174;38;397;0,423;37;0,459
"Section";"31";2013;122;0,402;75;0,36;355;43,9;261;0,433;14;43;0,233;13;0,385;28;381;0,42;26;0,346
"Section";"31";2014;102;0,353;78;0,372;321;48,3;278;0,489;13;55;0,309;13;0,462;11;222;0,401;10;0,5
"Section";"31";2015;78;0,436;62;0,452;282;44,7;247;0,421;10;40;0,325;9;0,333;13;256;0,391;13;0,538
"Section";"31";2016;76;0,263;60;0,267;298;48;239;0,498;11;47;0,255;10;0,1;25;352;0,372;25;0,36
"Section";"31";2017;79;0,43;53;0,396;211;44,1;171;0,468;12;67;0,224;11;0,182;14;190;0,432;13;0,308
"Section";"31";2018;93;0,28;70;0,286;255;47,8;188;0,473;10;43;0,349;10;0,5;12;179;0,447;12;0,5
"Section";"31";2019;86;0,43;61;0,426;232;41,4;177;0,401;7;38;0,289;7;0,286;15;173;0,399;15;0,467
"Section";"31";2020;68;0,324;45;0,244;219;42,5;152;0,395;8;45;0,333;7;0,714;12;149;0,409;11;0,273
"Section";"32";2009;129,538919798237;0,291;61;0,246;486,23976305356;44,1;278;0,424;28;72;0,25;26;0,231;50;435;0,423;46;0,304
"Section";"32";2010;101,05873175749;0,318;47;0,298;435,413306985244;42,8;297;0,414;21;46;0,348;19;0,368;47;446;0,377;46;0,239
"Section";"32";2011;104;0,356;62;0,306;399;44,4;280;0,457;15;41;0,244;14;0,286;43;445;0,409;43;0,442
"Section";"32";2012;92;0,337;59;0,271;407;37,8;298;0,366;15;53;0,283;14;0,286;25;396;0,402;24;0,417
"Section";"32";2013;81;0,358;59;0,322;333;45;235;0,409;10;29;0,103;8;0;23;427;0,389;23;0,522
"Section";"32";2014;89;0,326;58;0,241;291;48,5;231;0,459;12;37;0,216;12;0,25;10;252;0,401;10;0,4
"Section";"32";2015;62;0,355;46;0,304;226;46,9;185;0,465;10;32;0,281;10;0,3;16;280;0,396;16;0,375
"Section";"32";2016;59;0,237;51;0,216;237;42,6;177;0,384;11;27;0,296;9;0,556;15;274;0,369;15;0,333
"Section";"32";2017;76;0,342;60;0,367;203;41,9;173;0,416;11;58;0,31;10;0,5;15;217;0,364;15;0,267
"Section";"32";2018;83;0,289;63;0,286;204;46,1;154;0,435;5;20;0,15;5;0;14;172;0,401;13;0,538
"Section";"32";2019;68;0,471;56;0,464;176;44,9;117;0,453;4;27;0,185;4;0,25;11;135;0,326;10;0,2
"Section";"32";2020;49;0,245;41;0,244;153;39,2;99;0,414;4;21;0,238;4;0,5;9;110;0,373;9;0,222
"Section";"33";2009;112,586505790167;0,3;67;0,224;437,977892070793;39,2;304;0,421;15;39;0,359;14;0,429;37;304;0,391;35;0,543
"Section";"33";2010;100,389634329566;0,299;56;0,321;369,518070899652;37,5;251;0,414;18;36;0,222;17;0,294;25;293;0,314;23;0,304
"Section";"33";2011;85;0,341;52;0,346;380;41,3;228;0,439;20;49;0,245;20;0,3;37;347;0,38;32;0,406
"Section";"33";2012;96;0,323;57;0,333;356;38,8;234;0,397;16;41;0,317;15;0,467;28;282;0,369;28;0,321
"Section";"33";2013;105;0,438;71;0,38;352;40,1;238;0,412;12;27;0,296;10;0,2;17;249;0,337;17;0,235
"Section";"33";2014;71;0,338;41;0,341;357;40,1;245;0,392;11;35;0,314;10;0,3;15;251;0,363;14;0,5
"Section";"33";2015;92;0,435;57;0,456;331;38,4;195;0,4;5;20;0,3;5;0,4;14;253;0,395;14;0,143
"Section";"33";2016;83;0,289;58;0,224;303;42,6;191;0,44;9;43;0,209;9;0,111;12;203;0,404;12;0,333
"Section";"33";2017;71;0,394;37;0,432;222;45,5;146;0,459;5;22;0,227;5;0,2;12;188;0,441;10;0,5
"Section";"33";2018;98;0,357;68;0,338;219;43,4;132;0,432;5;25;0,24;5;0,4;9;133;0,414;9;0,556
"Section";"33";2019;70;0,357;48;0,375;261;44,8;166;0,434;5;17;0,176;5;0,4;3;72;0,417;3;0,333
"Section";"33";2020;72;0,264;50;0,3;218;39;107;0,439;6;17;0,118;6;0,167;12;147;0,463;12;0,25
"Section";"34";2009;17,3907441016334;0,286;16;0,25;140,888262322473;21,3;121;0,198;5;16;0,063;5;0,2;11;90;0,2;11;0,182
"Section";"34";2010;9,10943738656987;0;8;0;72,1622807017544;25;52;0,25;NA;NA;NA;NA;NA;7;58;0,172;7;0,143
"Section";"34";2011;17;0;13;0;101;28,7;78;0,256;3;13;0;3;0;4;34;0,235;4;0,25
"Section";"34";2012;9;0;5;0;75;41,3;61;0,393;3;7;0;3;0;5;51;0,176;5;0
"Section";"34";2013;20;0,15;15;0,2;112;30,4;92;0,293;1;6;0,167;0;0;9;82;0,22;8;0
"Section";"34";2014;17;0,294;16;0,25;80;28,8;72;0,306;5;40;0,1;5;0;4;24;0,333;4;0,25
"Section";"34";2015;18;0,167;16;0,125;76;32,9;67;0,358;5;15;0,133;5;0,2;1;24;0,417;1;1
"Section";"34";2016;16;0,063;13;0;77;29,9;69;0,275;0;0;0;0;0;2;41;0,341;2;0
"Section";"34";2017;10;0,2;8;0,25;69;27,5;57;0,263;4;11;0,182;3;0;0;0;0;0;0
"Section";"34";2018;22;0,182;19;0,211;68;23,5;57;0,263;3;19;0,053;3;0,333;2;25;0,12;2;0
"Section";"34";2019;23;0,261;20;0,25;78;26,9;63;0,286;2;8;0,25;2;0,5;4;37;0,135;4;0,25
"Section";"34";2020;18;0,167;12;0;79;32,9;65;0,308;0;0;0;0;0;0;0;NA;0;0
"Section";"35";2009;68,335561577838;0,233;48;0,188;203,248127615889;41,1;141;0,39;16;45;0,178;13;0,231;29;163;0,405;28;0,321
"Section";"35";2010;62,7189400782897;0,149;53;0,151;175,689059464582;39,2;121;0,38;12;45;0,133;11;0,273;31;210;0,352;29;0,241
"Section";"35";2011;38;0,316;32;0,25;203;38,9;152;0,375;19;54;0,185;17;0,235;22;174;0,339;20;0,4
"Section";"35";2012;45;0,178;37;0,162;199;41,2;170;0,406;14;38;0,158;13;0;27;190;0,337;24;0,292
"Section";"35";2013;53;0,358;48;0,396;175;45,1;135;0,481;17;53;0,264;15;0,4;17;176;0,392;16;0,313
"Section";"35";2014;41;0,39;40;0,375;150;48;133;0,496;11;34;0,265;11;0,273;12;181;0,431;12;0,333
"Section";"35";2015;55;0,273;51;0,294;150;46;130;0,462;11;43;0,186;11;0,273;12;133;0,346;12;0,25
"Section";"35";2016;29;0,138;22;0,136;160;48,1;140;0,493;9;35;0,2;9;0,111;14;151;0,404;13;0,462
"Section";"35";2017;49;0,245;40;0,25;180;41,7;164;0,409;4;29;0,207;3;0,333;14;158;0,361;13;0,231
"Section";"35";2018;52;0,231;45;0,244;162;42;146;0,432;8;36;0,167;7;0,143;7;100;0,39;7;0,286
"Section";"35";2019;48;0,313;39;0,308;143;42;127;0,394;9;36;0,278;8;0,375;10;107;0,43;10;0,3
"Section";"35";2020;42;0,381;30;0,333;126;49,2;111;0,495;6;27;0,185;6;0,167;18;199;0,432;17;0,471
"Section";"36";2009;55,4456771614193;0,23;31;0,129;190,821526908636;41,8;128;0,414;5;9;0;5;0;7;52;0,346;7;0,143
"Section";"36";2010;52,7188405797101;0,172;35;0,114;186,708994001122;38,3;143;0,42;2;6;0,167;2;0;8;62;0,355;8;0,5
"Section";"36";2011;36;0,333;29;0,345;218;39,4;169;0,402;6;15;0,333;6;0,333;9;97;0,423;9;0,556
"Section";"36";2012;42;0,214;29;0,207;194;40,2;161;0,385;2;6;0,5;2;0;13;83;0,349;10;0,3
"Section";"36";2013;53;0,415;42;0,381;195;46,2;165;0,473;8;16;0,375;7;0,429;6;47;0,447;6;0,667
"Section";"36";2014;47;0,319;42;0,31;205;45,9;181;0,47;6;20;0,15;5;0,2;8;77;0,429;8;0,625
"Section";"36";2015;52;0,327;40;0,3;168;46,4;149;0,49;3;17;0,412;3;0,333;5;103;0,398;5;0,4
"Section";"36";2016;39;0,308;23;0,348;181;47,5;151;0,477;2;2;1;2;1;6;109;0,358;6;0,667
"Section";"36";2017;45;0,422;39;0,462;185;37,8;156;0,333;5;14;0,357;4;0,5;4;56;0,357;4;0,25
"Section";"36";2018;34;0,382;28;0,429;177;40,1;149;0,416;4;16;0,188;4;0,5;3;27;0,444;3;0,667
"Section";"36";2019;31;0,323;26;0,385;177;44,6;147;0,422;2;3;0,333;2;0,5;0;0;0;0;0
"Section";"36";2020;33;0,303;20;0,25;149;49,7;124;0,5;3;12;0,333;3;0;4;0;0;4;0
"Section";"37";2009;25;0,333;14;0,429;113,913850129199;37,7;93;0,366;5;11;0,273;5;0,4;10;53;0,302;8;0,25
"Section";"37";2010;13,1944444444444;0,421;12;0,333;80,4900258397933;36,4;62;0,403;3;7;0,286;2;0;9;56;0,446;7;0,286
"Section";"37";2011;17;0,176;13;0,154;93;37,6;70;0,4;5;7;0,286;4;0,5;5;32;0,25;5;0,4
"Section";"37";2012;16;0,125;10;0,2;93;39,8;76;0,382;2;5;0,4;1;0;3;16;0,375;3;0
"Section";"37";2013;14;0,429;12;0,5;91;44;71;0,394;2;19;0,211;2;0;4;30;0,3;4;0,5
"Section";"37";2014;22;0,273;18;0,333;101;47,5;85;0,494;2;10;0,1;2;0;2;11;0,364;1;1
"Section";"37";2015;20;0,05;14;0,071;80;35;71;0,324;2;4;0,5;2;0,5;3;71;0,451;3;0,333
"Section";"37";2016;15;0,133;12;0,167;71;49,3;56;0,5;5;8;0,5;4;0,5;2;6;0;2;0
"Section";"37";2017;12;0,25;11;0,273;75;41,3;57;0,404;0;0;0;0;0;4;29;0,483;3;0,667
"Section";"37";2018;18;0,333;16;0,375;88;42;68;0,471;1;1;0;1;0;2;7;0,143;2;0
"Section";"37";2019;23;0,174;18;0,222;86;45,3;62;0,387;1;1;1;1;1;1;11;0,091;1;1
"Section";"37";2020;23;0,391;19;0,316;84;39,3;70;0,4;3;5;0,4;1;1;1;11;0,091;1;0
"Section";"4";2009;2,69565217391304;0,15;1;1;269,609078744321;44,2;101;0,416;8;8;0,125;6;0;16;243;0,436;16;0,375
"Section";"4";2010;2,69565217391304;0,15;0;NA;202,005608253208;45;66;0,576;8;5;0;4;0;17;232;0,466;16;0,563
"Section";"4";2011;2;0,5;0;0;258;43,4;101;0,545;11;10;0,2;7;0,286;11;233;0,524;11;0,273
"Section";"4";2012;7;0,286;0;0;291;47,8;105;0,486;14;23;0,174;7;0,143;21;309;0,469;21;0,476
"Section";"4";2013;0;0;0;0;295;39,3;100;0,42;6;14;0,214;5;0,2;16;300;0,493;15;0,467
"Section";"4";2014;4;0,25;1;0;277;44,4;103;0,476;9;18;0,222;8;0,125;20;333;0,432;20;0,55
"Section";"4";2015;36;0,25;11;0,364;290;50,7;106;0,538;8;21;0,238;5;0,2;20;366;0,492;20;0,5
"Section";"4";2016;21;0,524;8;0,5;272;43;123;0,488;7;10;0,2;3;0,333;26;449;0,457;26;0,423
"Section";"4";2017;28;0,429;10;0,5;315;40,6;132;0,455;14;30;0,467;7;0,286;16;359;0,44;16;0,313
"Section";"4";2018;35;0,486;6;0,667;339;42,8;120;0,508;4;14;0,357;3;0,667;24;399;0,446;20;0,4
"Section";"4";2019;30;0,333;7;0,429;294;43,5;100;0,48;3;4;0,25;2;0,5;13;454;0,447;13;0,615
"Section";"4";2020;33;0,485;17;0,588;315;45,1;138;0,507;6;21;0,476;5;0,4;16;381;0,493;15;0,667
"Section";"5";2009;15,110119047619;0,407;4;0,25;325,421271986099;35,2;131;0,435;54;46;0,304;34;0,265;97;286;0,427;90;0,4
"Section";"5";2010;9,51377865961199;0,235;8;0,25;275,166341375587;41;128;0,469;46;46;0,239;27;0,259;88;267;0,483;85;0,506
"Section";"5";2011;11;0,273;7;0,429;315;41,6;173;0,428;52;55;0,291;34;0,294;89;328;0,47;80;0,425
"Section";"5";2012;16;0,313;7;0,143;313;40,3;191;0,408;38;60;0,283;19;0,158;87;309;0,417;82;0,39
"Section";"5";2013;18;0,222;5;0,4;316;38;166;0,367;27;33;0,121;19;0,053;72;395;0,41;72;0,5
"Section";"5";2014;8;0,25;3;0;308;38,3;185;0,384;29;35;0,314;22;0,364;52;329;0,383;50;0,44
"Section";"5";2015;207;0,357;120;0,333;302;36,4;178;0,41;58;129;0,372;48;0,333;54;343;0,353;54;0,37
"Section";"5";2016;143;0,343;73;0,329;294;39,8;179;0,425;56;135;0,341;53;0,264;57;331;0,402;55;0,491
"Section";"5";2017;112;0,393;60;0,433;290;36,6;185;0,378;40;129;0,372;33;0,485;57;461;0,447;56;0,464
"Section";"5";2018;99;0,374;46;0,413;291;37,1;152;0,329;28;105;0,305;28;0,25;39;392;0,37;37;0,405
"Section";"5";2019;99;0,364;45;0,422;288;37,8;143;0,35;22;96;0,385;21;0,286;47;341;0,352;46;0,196
"Section";"5";2020;105;0,4;51;0,451;261;35,2;136;0,368;24;95;0,368;24;0,167;45;350;0,386;44;0,477
"Section";"6";2009;9,37288854935914;0,226;0;NA;349,703193926159;48,9;163;0,564;37;20;0,25;17;0,294;126;316;0,541;100;0,65
"Section";"6";2010;9,07053730583142;0,267;3;0,333;334,961607296953;48,2;180;0,572;43;22;0,273;15;0,333;159;354;0,517;126;0,54
"Section";"6";2011;4;0;1;0;296;46,6;134;0,522;46;26;0,192;23;0,174;121;409;0,501;101;0,535
"Section";"6";2012;12;0,167;1;0;332;45,2;169;0,515;46;28;0,286;13;0,231;134;325;0,498;103;0,544
"Section";"6";2013;12;0,167;2;0;383;49,3;198;0,535;26;19;0,263;16;0,313;121;418;0,493;111;0,541
"Section";"6";2014;9;0,444;5;0,6;358;53,9;195;0,559;31;28;0,214;21;0,19;115;359;0,515;109;0,578
"Section";"6";2015;202;0,51;61;0,59;410;49,5;230;0,561;35;56;0,5;23;0,478;91;441;0,542;84;0,667
"Section";"6";2016;116;0,448;37;0,595;326;44,5;187;0,417;68;84;0,536;48;0,521;93;395;0,529;90;0,533
"Section";"6";2017;119;0,504;44;0,568;329;49,8;200;0,56;49;70;0,529;39;0,538;98;401;0,526;85;0,553
"Section";"6";2018;88;0,443;25;0,48;330;51,8;183;0,568;40;70;0,557;28;0,643;93;422;0,517;81;0,593
"Section";"6";2019;113;0,46;35;0,6;367;51,2;196;0,526;32;83;0,422;27;0,37;85;434;0,484;77;0,584
"Section";"6";2020;119;0,487;36;0,639;396;53;201;0,552;16;57;0,544;14;0,643;85;377;0,485;76;0,579
"Section";"60";2009;178,878321729393;0,09;114;0,088;517,547941753361;22,7;313;0,224;55;146;0,13;48;0,125;118;432;0,199;102;0,157
"Section";"60";2010;161,079483746369;0,155;98;0,112;491,58679904405;21,5;289;0,176;53;130;0,077;47;0,064;114;378;0,196;102;0,206
"Section";"60";2011;162;0,179;117;0,197;522;20,7;363;0,212;60;157;0,146;54;0,111;83;415;0,176;77;0,13
"Section";"60";2012;170;0,112;118;0,127;466;19,5;336;0,185;58;140;0,157;48;0,229;99;410;0,183;87;0,253
"Section";"60";2013;168;0,149;116;0,147;488;19,7;321;0,193;39;103;0,117;35;0,171;92;473;0,201;83;0,217
"Section";"60";2014;156;0,147;108;0,111;427;24,4;272;0,221;45;124;0,065;41;0,098;66;449;0,178;62;0,21
"Section";"60";2015;143;0,119;115;0,104;431;27,1;315;0,254;30;117;0,094;25;0,08;54;468;0,226;51;0,118
"Section";"60";2016;132;0,174;98;0,163;397;24,4;318;0,245;25;134;0,09;25;0,12;47;439;0,23;44;0,273
"Section";"60";2017;134;0,179;108;0,185;375;26,4;297;0,269;30;111;0,126;28;0,214;58;441;0,24;51;0,314
"Section";"60";2018;167;0,156;135;0,156;397;23,7;324;0,238;19;87;0,149;19;0,105;57;417;0,252;54;0,185
"Section";"60";2019;141;0,22;117;0,205;451;24,6;357;0,255;22;100;0,13;21;0,19;51;372;0,255;49;0,286
"Section";"60";2020;140;0,164;118;0,136;480;27,9;342;0,257;37;140;0,136;35;0,229;42;423;0,279;40;0,25
"Section";"61";2009;117,392230576441;0,145;64;0,141;467,318212705262;20,4;220;0,195;32;87;0,126;27;0,148;58;349;0,206;51;0,176
"Section";"61";2010;108,885547201337;0,102;53;0,057;426,681846383065;22;223;0,22;36;80;0,15;29;0,138;56;352;0,222;50;0,16
"Section";"61";2011;148;0,155;79;0,19;476;22,7;236;0,229;37;95;0,168;34;0,088;64;392;0,25;63;0,302
"Section";"61";2012;121;0,14;71;0,127;441;23,4;268;0,243;36;108;0,157;33;0,121;51;324;0,228;48;0,146
"Section";"61";2013;133;0,165;81;0,16;412;21,4;219;0,192;14;65;0,123;13;0,154;52;347;0,219;51;0,157
"Section";"61";2014;101;0,089;63;0,079;423;26;227;0,229;18;80;0,175;18;0,111;30;331;0,218;30;0,033
"Section";"61";2015;101;0,129;70;0,129;345;27,5;182;0,258;14;54;0,167;13;0,231;28;322;0,264;26;0,154
"Section";"61";2016;123;0,195;95;0,189;372;31,5;230;0,322;21;67;0,075;19;0,105;30;366;0,279;30;0,233
"Section";"61";2017;131;0,176;86;0,186;372;28,8;228;0,272;15;50;0,18;14;0,214;33;258;0,252;31;0,258
"Section";"61";2018;115;0,157;92;0,185;367;26,4;242;0,277;14;65;0,169;14;0,071;27;239;0,276;23;0,13
"Section";"61";2019;122;0,189;87;0,172;386;25,6;261;0,276;18;102;0,176;18;0,222;33;291;0,278;30;0,333
"Section";"61";2020;131;0,176;107;0,168;369;33,1;219;0,342;16;87;0,161;16;0,313;35;377;0,324;31;0,387
"Section";"62";2009;97,9493927125506;0,185;61;0,18;322,236570242839;34,5;186;0,306;24;67;0,164;20;0,3;45;241;0,353;42;0,333
"Section";"62";2010;97,0424538911381;0,28;65;0,323;296,06507215205;35,1;175;0,32;32;70;0,171;28;0,214;41;203;0,31;31;0,29
"Section";"62";2011;103;0,204;58;0,19;311;30,5;184;0,31;23;62;0,177;22;0,409;44;247;0,344;43;0,302
"Section";"62";2012;94;0,255;62;0,274;314;31,5;189;0,323;16;39;0,128;12;0,083;40;269;0,312;39;0,385
"Section";"62";2013;95;0,263;67;0,239;283;29,7;158;0,259;21;54;0,111;19;0,158;26;210;0,295;26;0,231
"Section";"62";2014;87;0,253;48;0,271;274;38,3;155;0,323;21;56;0,143;20;0,15;26;226;0,332;25;0,28
"Section";"62";2015;80;0,3;48;0,354;254;36,6;153;0,34;7;28;0,286;6;0,333;27;266;0,335;27;0,333
"Section";"62";2016;84;0,214;56;0,25;264;32,2;185;0,308;17;58;0,121;15;0,067;15;184;0,245;15;0,267
"Section";"62";2017;76;0,276;51;0,314;248;35,5;170;0,365;15;47;0,213;15;0,133;17;209;0,321;17;0,294
"Section";"62";2018;76;0,237;54;0,278;173;34,7;127;0,346;7;23;0,304;7;0,429;18;156;0,295;16;0,375
"Section";"62";2019;90;0,267;72;0,319;223;38,6;160;0,394;9;30;0,167;8;0,125;10;142;0,345;10;0,4
"Section";"62";2020;71;0,239;57;0,246;242;32,2;169;0,32;12;47;0,149;10;0;16;183;0,339;16;0,25
"Section";"63";2009;111,261760148984;0,185;64;0,281;362,722240021383;20,5;156;0,179;36;90;0,167;34;0,088;52;245;0,18;48;0,188
"Section";"63";2010;95,0004259733636;0,108;59;0,068;289,877400928062;18,7;148;0,189;29;89;0,135;26;0,154;50;265;0,185;45;0,156
"Section";"63";2011;100;0,17;59;0,169;342;18,7;166;0,181;20;58;0,086;17;0,235;56;293;0,218;54;0,13
"Section";"63";2012;103;0,165;75;0,173;294;17,7;161;0,205;26;79;0,177;23;0,174;35;196;0,219;34;0,176
"Section";"63";2013;105;0,19;82;0,171;326;18,1;194;0,16;20;75;0,16;18;0,222;36;246;0,191;34;0,206
"Section";"63";2014;92;0,163;56;0,179;292;21,9;156;0,218;15;59;0,068;15;0,067;20;207;0,188;20;0,2
"Section";"63";2015;88;0,159;65;0,123;291;22;179;0,19;16;77;0,169;15;0,133;23;207;0,227;21;0,333
"Section";"63";2016;83;0,193;68;0,176;252;23,8;171;0,234;13;48;0,063;13;0,154;18;187;0,219;17;0,118
"Section";"63";2017;98;0,173;82;0,159;217;24,4;170;0,218;17;60;0,167;17;0,059;23;188;0,202;22;0,182
"Section";"63";2018;97;0,113;81;0,099;221;22,2;176;0,21;11;48;0,188;11;0,091;22;194;0,227;20;0,2
"Section";"63";2019;120;0,167;96;0,167;274;22,6;170;0,247;14;45;0,111;14;0;20;139;0,266;17;0,471
"Section";"63";2020;108;0,167;82;0,207;283;23;152;0,211;16;55;0,182;15;0,133;29;221;0,226;26;0,231
"Section";"64";2009;171,545479302832;0,391;81;0,346;926,757759661257;57,1;514;0,576;18;44;0,318;14;0,357;48;475;0,573;45;0,4
"Section";"64";2010;120,480778487105;0,338;50;0,38;768,889932993453;59,1;372;0,578;13;35;0,343;13;0,538;46;438;0,603;43;0,581
"Section";"64";2011;125;0,344;59;0,322;770;57,4;443;0,544;17;39;0,333;15;0,467;54;518;0,577;52;0,462
"Section";"64";2012;100;0,39;54;0,444;749;59,5;419;0,58;11;28;0,143;10;0;36;456;0,594;32;0,719
"Section";"64";2013;109;0,45;57;0,368;732;61,6;449;0,577;10;40;0,4;8;0,375;31;437;0,531;29;0,552
"Section";"64";2014;117;0,444;70;0,414;684;59,8;443;0,585;18;46;0,435;17;0,412;24;402;0,537;22;0,364
"Section";"64";2015;93;0,43;55;0,364;629;58,8;355;0,572;13;43;0,326;11;0,455;27;442;0,584;26;0,692
"Section";"64";2016;92;0,511;54;0,593;565;58,9;320;0,544;14;37;0,351;12;0,333;27;406;0,544;27;0,593
"Section";"64";2017;75;0,453;47;0,447;471;62;298;0,591;9;28;0,393;8;0,5;27;323;0,551;24;0,458
"Section";"64";2018;91;0,396;61;0,344;386;57,3;282;0,574;10;27;0,407;8;0,5;23;293;0,539;21;0,667
"Section";"64";2019;92;0,446;73;0,425;410;51,7;282;0,504;13;36;0,306;11;0,182;22;299;0,542;22;0,636
"Section";"64";2020;78;0,449;53;0,453;369;49,3;244;0,471;4;10;0,1;4;0;25;308;0,529;23;0,391
"Section";"65";2009;154,929633795776;0,403;110;0,382;888,984300585788;59,5;662;0,588;22;38;0,421;16;0,563;45;417;0,6;42;0,619
"Section";"65";2010;117,957789367238;0,396;87;0,379;721,074514185596;61,2;490;0,586;21;55;0,4;15;0,333;45;436;0,626;44;0,614
"Section";"65";2011;118;0,39;92;0,402;688;62,1;473;0,596;20;54;0,481;20;0,5;30;383;0,595;29;0,655
"Section";"65";2012;113;0,451;74;0,486;713;62;465;0,606;18;59;0,339;14;0,571;35;463;0,607;34;0,588
"Section";"65";2013;120;0,433;98;0,398;689;62,7;485;0,596;11;22;0,318;8;0,25;25;356;0,61;25;0,72
"Section";"65";2014;115;0,443;90;0,422;681;60,9;492;0,6;8;39;0,333;7;0,571;21;335;0,555;21;0,619
"Section";"65";2015;123;0,472;101;0,455;620;58,1;443;0,571;15;47;0,319;14;0,357;19;410;0,554;19;0,421
"Section";"65";2016;121;0,471;92;0,554;548;59,9;421;0,572;11;33;0,394;10;0,4;24;360;0,522;24;0,417
"Section";"65";2017;102;0,431;85;0,482;466;60,9;334;0,584;9;23;0,478;8;0,375;11;152;0,592;11;0,545
"Section";"65";2018;105;0,505;83;0,482;424;59,4;324;0,59;6;14;0,571;5;0,8;19;268;0,53;19;0,474
"Section";"65";2019;84;0,429;70;0,429;395;55,7;318;0,538;5;32;0,406;4;0,75;13;193;0,606;11;0,273
"Section";"65";2020;97;0,485;73;0,479;366;52,2;266;0,519;8;33;0,576;8;0,875;22;272;0,537;22;0,727
"Section";"66";2009;97,7513058137003;0,388;61;0,426;555,429281912573;55,9;272;0,574;17;48;0,333;14;0,286;35;303;0,554;32;0,406
"Section";"66";2010;69,9427446770442;0,422;37;0,405;459,154873047727;59,7;202;0,584;13;23;0,261;11;0,273;33;289;0,509;30;0,4
"Section";"66";2011;80;0,375;45;0,267;382;57,9;182;0,571;14;41;0,415;12;0,417;21;251;0,55;21;0,381
"Section";"66";2012;69;0,348;40;0,4;419;60,9;193;0,575;7;29;0,345;6;0,333;20;190;0,489;18;0,389
"Section";"66";2013;67;0,358;44;0,25;428;59,1;247;0,551;6;20;0,35;5;0,4;7;107;0,486;7;0,429
"Section";"66";2014;69;0,435;44;0,386;362;58;206;0,568;5;15;0,133;5;0,2;19;281;0,566;19;0,632
"Section";"66";2015;77;0,416;52;0,423;361;55,4;208;0,534;4;12;0,417;4;0,75;14;150;0,473;14;0,643
"Section";"66";2016;63;0,349;46;0,37;335;60;213;0,596;6;13;0,615;6;0,333;15;222;0,509;14;0,5
"Section";"66";2017;55;0,418;43;0,488;278;60,4;188;0,574;3;10;0,2;3;0,333;11;210;0,567;11;0,364
"Section";"66";2018;64;0,406;47;0,404;249;58,2;168;0,53;5;12;0,25;4;0;6;87;0,391;6;0,167
"Section";"66";2019;56;0,304;46;0,37;206;53,4;161;0,509;5;10;0,2;4;0;5;47;0,532;5;0,6
"Section";"66";2020;58;0,397;48;0,396;195;50,3;146;0,514;1;1;0;1;0;6;83;0,458;5;0,8
"Section";"67";2009;74,9070204532891;0,363;50;0,36;401,015403691773;54,1;205;0,527;21;44;0,273;19;0,368;33;259;0,494;31;0,387
"Section";"67";2010;58,4439390349838;0,38;39;0,359;324,669785754461;54,7;138;0,522;8;16;0,188;7;0,286;41;253;0,482;36;0,5
"Section";"67";2011;56;0,321;40;0,35;387;51,9;218;0,505;15;46;0,304;13;0,538;30;245;0,445;29;0,31
"Section";"67";2012;62;0,387;51;0,353;344;57;208;0,558;15;24;0,25;13;0,308;26;216;0,546;24;0,625
"Section";"67";2013;54;0,315;43;0,302;400;54,8;249;0,506;6;13;0,385;6;0,5;18;202;0,495;16;0,5
"Section";"67";2014;55;0,327;38;0,289;357;56;212;0,552;10;30;0,467;9;0,556;23;263;0,506;23;0,391
"Section";"67";2015;43;0,302;37;0,297;342;52,9;219;0,452;9;24;0,333;9;0,444;14;197;0,523;14;0,286
"Section";"67";2016;54;0,333;41;0,293;327;54,7;208;0,51;6;19;0,368;5;0,2;11;140;0,507;11;0,364
"Section";"67";2017;64;0,438;48;0,396;303;60,1;204;0,598;11;39;0,308;10;0,5;12;142;0,493;12;0,5
"Section";"67";2018;55;0,436;39;0,462;306;51,6;222;0,5;6;17;0,353;5;0,2;14;191;0,482;13;0,308
"Section";"67";2019;46;0,391;35;0,371;320;53,8;214;0,495;5;13;0,154;4;0,25;8;125;0,528;8;0,25
"Section";"67";2020;59;0,39;53;0,358;261;50,6;143;0,469;4;17;0,353;4;0,5;12;149;0,517;12;0,583
"Section";"68";2009;87,6297216937927;0,438;63;0,46;419,341904953317;57,5;256;0,578;9;15;0,267;9;0,333;21;176;0,517;20;0,4
"Section";"68";2010;64,1574748115268;0,354;48;0,375;354,059740262782;56,8;249;0,514;8;12;0,25;8;0,25;12;114;0,456;12;0,417
"Section";"68";2011;60;0,35;42;0,381;347;60,5;246;0,593;5;9;0,444;5;0,6;15;134;0,493;14;0,429
"Section";"68";2012;59;0,356;47;0,34;362;58,3;269;0,572;7;17;0,176;7;0;16;181;0,503;15;0,4
"Section";"68";2013;64;0,422;51;0,431;359;56,3;263;0,536;7;17;0,412;7;0,286;11;116;0,517;10;0,6
"Section";"68";2014;58;0,431;44;0,455;347;66,9;255;0,616;4;6;0;4;0;8;139;0,504;8;0,625
"Section";"68";2015;43;0,372;32;0,406;318;57,5;258;0,558;5;14;0,5;5;0,6;5;57;0,509;5;0,8
"Section";"68";2016;31;0,419;24;0,333;218;62,8;179;0,609;4;5;0,6;4;0,5;8;110;0,545;6;0,833
"Section";"68";2017;34;0,5;29;0,517;249;63,9;208;0,649;4;9;0,556;4;0,75;11;137;0,555;10;0,7
"Section";"68";2018;56;0,589;49;0,592;261;55,9;217;0,548;2;7;0,571;2;0;7;82;0,561;6;0,667
"Section";"68";2019;50;0,38;41;0,415;322;55;260;0,519;3;5;0,4;3;0,667;5;52;0,577;5;0,6
"Section";"68";2020;52;0,519;35;0,429;228;52,2;175;0,503;3;4;0,5;3;0,333;1;12;0,5;1;0
"Section";"69";2009;80,740145355999;0,409;32;0,406;315,793843589932;55,4;259;0,552;9;25;0,32;8;0,5;10;119;0,513;9;0,444
"Section";"69";2010;47,7495483288166;0,418;22;0,5;222,528304291351;56,3;163;0,546;12;23;0,478;9;0,222;11;116;0,526;11;0,455
"Section";"69";2011;40;0,425;20;0,5;219;49,8;160;0,463;12;27;0,37;12;0,5;18;153;0,536;18;0,333
"Section";"69";2012;34;0,235;25;0,24;249;59,8;178;0,584;4;14;0,357;4;0,5;13;98;0,429;13;0,385
"Section";"69";2013;39;0,308;33;0,303;218;50,5;167;0,497;5;12;0,25;5;0,2;7;87;0,529;7;0,571
"Section";"69";2014;49;0,531;31;0,452;268;56,7;193;0,549;6;21;0,143;3;0,333;5;64;0,578;5;0,6
"Section";"69";2015;52;0,481;34;0,5;248;58,1;182;0,588;4;16;0,5;4;0,5;9;114;0,579;8;0,75
"Section";"69";2016;31;0,387;21;0,429;225;56,4;175;0,543;1;2;0,5;1;1;9;92;0,554;8;0,75
"Section";"69";2017;56;0,446;36;0,472;195;60;165;0,588;3;5;0,4;3;0,333;8;111;0,523;8;0,5
"Section";"69";2018;36;0,389;22;0,455;186;61,3;150;0,613;2;8;0,625;2;1;6;85;0,576;5;0,8
"Section";"69";2019;47;0,404;33;0,394;175;53,7;138;0,514;3;9;0,333;3;0,333;9;96;0,51;9;0,667
"Section";"69";2020;55;0,473;36;0,417;157;59,9;128;0,594;3;23;0,478;3;1;4;67;0,627;4;0,75
"Section";"7";2009;57,462555962556;0,493;46;0,543;302,979791294604;63;191;0,649;18;41;0,488;15;0,333;35;392;0,673;32;0,625
"Section";"7";2010;51,633021299688;0,548;35;0,6;247,278771168019;66,6;172;0,721;30;78;0,654;23;0,826;40;359;0,705;38;0,816
"Section";"7";2011;46;0,457;38;0,474;239;67,4;150;0,673;25;54;0,537;20;0,65;39;369;0,724;38;0,553
"Section";"7";2012;48;0,438;33;0,485;279;72;191;0,754;29;59;0,61;25;0,56;42;463;0,739;39;0,795
"Section";"7";2013;46;0,587;30;0,633;308;72,1;203;0,729;27;72;0,472;23;0,652;49;515;0,755;43;0,814
"Section";"7";2014;78;0,551;62;0,548;273;70;182;0,714;24;83;0,518;24;0,542;33;409;0,702;32;0,813
"Section";"7";2015;55;0,618;45;0,622;287;69,3;195;0,697;19;63;0,492;18;0,611;42;477;0,732;38;0,632
"Section";"7";2016;51;0,627;43;0,651;269;69,5;186;0,688;17;61;0,525;16;0,688;40;474;0,686;39;0,718
"Section";"7";2017;48;0,521;36;0,528;315;70,8;200;0,685;15;71;0,535;13;0,692;20;324;0,691;16;0,75
"Section";"7";2018;60;0,633;41;0,634;288;71,5;174;0,741;15;67;0,493;14;0,571;30;379;0,718;29;0,759
"Section";"7";2019;47;0,596;35;0,629;270;68,5;167;0,707;17;59;0,525;15;0,467;15;324;0,694;14;0,786
"Section";"7";2020;63;0,603;45;0,644;312;72,4;197;0,746;18;80;0,613;17;0,647;26;480;0,708;26;0,846
"Section";"70";2009;62,3817610062893;0,408;19;0,421;323,298251986095;55,4;109;0,596;29;39;0,513;23;0,435;47;381;0,585;45;0,689
"Section";"70";2010;54,474213836478;0,403;22;0,455;267,830414635539;51,5;87;0,517;17;33;0,152;13;0,231;47;380;0,537;45;0,444
"Section";"70";2011;46;0,37;18;0,444;292;53,8;99;0,606;21;43;0,395;17;0,412;45;349;0,587;44;0,477
"Section";"70";2012;54;0,315;22;0,364;261;58,2;78;0,59;25;61;0,393;20;0,5;37;395;0,565;37;0,568
"Section";"70";2013;46;0,457;22;0,455;283;65,4;123;0,577;29;65;0,415;25;0,32;45;418;0,56;44;0,591
"Section";"70";2014;51;0,51;23;0,522;277;58,8;126;0,548;22;40;0,45;17;0,471;43;485;0,563;40;0,55
"Section";"70";2015;50;0,54;23;0,565;294;61,9;123;0,577;23;43;0,372;17;0,294;35;512;0,563;34;0,412
"Section";"70";2016;57;0,456;23;0,478;310;65,5;155;0,671;26;60;0,567;23;0,652;51;544;0,638;47;0,532
"Section";"70";2017;55;0,473;25;0,56;271;61,6;130;0,654;16;37;0,486;14;0,5;42;482;0,616;40;0,65
"Section";"70";2018;62;0,452;34;0,412;286;63,3;127;0,669;16;45;0,533;15;0,533;41;388;0,629;37;0,514
"Section";"70";2019;44;0,614;22;0,455;297;62;126;0,635;15;54;0,481;13;0,462;36;407;0,649;31;0,613
"Section";"70";2020;56;0,554;18;0,611;357;63,9;146;0,678;17;47;0,596;16;0,5;30;405;0,578;28;0,607
"Section";"71";2009;33,7676015305195;0,349;16;0,438;260,433257098718;50,6;72;0,528;18;30;0,267;15;0,267;46;269;0,602;43;0,605
"Section";"71";2010;32,9823084716702;0,333;13;0,385;205,802142822263;54,9;60;0,683;24;36;0,306;15;0,133;42;269;0,591;38;0,605
"Section";"71";2011;31;0,484;18;0,556;220;55,9;71;0,62;24;44;0,432;22;0,409;45;305;0,561;43;0,651
"Section";"71";2012;40;0,375;12;0,5;225;54,7;72;0,611;16;35;0,4;13;0,308;36;300;0,583;34;0,559
"Section";"71";2013;35;0,514;14;0,714;258;51,9;87;0,563;9;19;0,632;4;0,5;50;344;0,558;43;0,605
"Section";"71";2014;34;0,441;17;0,588;236;53,8;69;0,609;19;50;0,5;15;0,467;34;294;0,558;32;0,375
"Section";"71";2015;33;0,424;18;0,444;225;52;84;0,536;17;46;0,413;16;0,313;36;392;0,533;36;0,667
"Section";"71";2016;46;0,587;23;0,565;214;53,3;73;0,562;18;43;0,558;15;0,533;29;265;0,562;25;0,68
"Section";"71";2017;30;0,533;11;0,273;223;57;67;0,612;16;30;0,433;14;0,643;43;353;0,578;40;0,55
"Section";"71";2018;37;0,351;13;0,462;239;55,2;71;0,563;5;16;0,25;3;0;37;310;0,613;34;0,618
"Section";"71";2019;31;0,774;16;0,813;230;50,4;75;0,547;10;38;0,5;10;0,7;26;249;0,598;26;0,5
"Section";"71";2020;37;0,568;14;0,571;281;63,3;88;0,705;9;45;0,511;8;0,375;27;309;0,583;27;0,556
"Section";"72";2009;14,2448439241918;0,353;12;0,5;116,82238694936;39,1;72;0,306;2;6;0,333;2;0;4;57;0,211;2;0
"Section";"72";2010;17,5965719063545;0,286;12;0,25;90,4714725998801;34;48;0,438;1;2;0;1;0;4;55;0,345;4;0,5
"Section";"72";2011;20;0,35;14;0,429;110;37,3;67;0,433;5;26;0,269;3;0,667;4;93;0,312;4;0,25
"Section";"72";2012;20;0,25;13;0,154;107;40,2;81;0,395;0;0;NA;0;NA;3;57;0,281;3;0,667
"Section";"72";2013;14;0,429;9;0,333;91;34,1;66;0,364;1;5;0;1;0;3;70;0,314;3;0,667
"Section";"72";2014;17;0,118;15;0,133;100;33;75;0,32;0;0;NA;0;NA;1;54;0,315;1;0
"Section";"72";2015;17;0,353;15;0,333;106;40,6;82;0,402;2;21;0,19;2;0,5;2;52;0,442;2;0
"Section";"72";2016;22;0,318;15;0,333;99;37,4;71;0,38;0;0;0;0;0;2;89;0,393;2;0,5
"Section";"72";2017;30;0,3;22;0,227;104;35,6;86;0,337;2;16;0,25;2;0,5;2;75;0,453;2;0,5
"Section";"72";2018;21;0,238;18;0,278;117;39,3;86;0,384;0;0;0;0;0;1;42;0,405;1;0
"Section";"72";2019;24;0,167;20;0,15;144;43,8;105;0,429;1;4;0,25;1;0;1;28;0,5;1;1
"Section";"72";2020;30;0,233;20;0,2;111;48,6;80;0,488;1;11;0,364;1;0;4;97;0,381;4;0,25
"Section";"73";2009;6,66666666666667;0,429;5;0,4;41,1906867079281;46;25;0,4;4;10;0,5;4;0,5;2;14;0,429;2;1
"Section";"73";2010;1,9047619047619;0;2;0;32,9525493663425;47,5;13;0,231;2;3;0,333;2;0;4;18;0,556;2;0,5
"Section";"73";2011;1;0;1;0;22;40,9;9;0,333;2;2;0;1;0;2;6;0,167;2;0,5
"Section";"73";2012;3;0;3;0;39;46,2;22;0,455;3;3;0;3;0;3;9;0,444;3;0,667
"Section";"73";2013;6;0,667;4;0,75;33;48,5;19;0,368;3;3;0,333;3;0,333;1;8;0,5;0;0
"Section";"73";2014;6;0,333;6;0,333;27;33,3;17;0,176;0;0;NA;0;NA;2;11;0,091;2;0
"Section";"73";2015;7;0,429;7;0,429;28;46,4;14;0,429;3;4;0,75;3;0,667;2;9;0,556;2;0,5
"Section";"73";2016;2;1;1;1;28;60,7;16;0,5;1;1;0;1;0;1;4;0,25;1;0
"Section";"73";2017;3;0,333;2;0,5;24;45,8;20;0,45;0;0;0;0;0;4;15;0,533;4;0,75
"Section";"73";2018;2;0,5;2;0,5;30;53,3;19;0,421;2;4;0,5;2;1;1;7;0,143;1;0
"Section";"73";2019;4;0,5;4;0,5;20;35;16;0,375;1;1;0;1;0;3;12;0,5;3;0,667
"Section";"73";2020;4;0,25;3;0,333;22;59,1;13;0,538;2;3;0;2;0;1;4;0,5;1;0
"Section";"74";2009;40,0847222222222;0,265;19;0,316;200,457659955976;34,4;98;0,347;14;30;0,167;12;0,083;41;235;0,37;39;0,436
"Section";"74";2010;41,7208333333333;0,294;21;0,286;163,573450524076;33,3;86;0,244;20;37;0,216;15;0,267;36;233;0,326;34;0,206
"Section";"74";2011;41;0,122;18;0,111;158;39,2;92;0,359;12;31;0,129;12;0,083;43;245;0,392;39;0,41
"Section";"74";2012;49;0,204;18;0,111;173;37,6;77;0,377;9;20;0,35;9;0,222;43;239;0,347;40;0,325
"Section";"74";2013;47;0,17;14;0,286;162;31,5;90;0,278;7;16;0,125;7;0,286;42;243;0,329;42;0,262
"Section";"74";2014;46;0,304;17;0,353;149;41,6;82;0,354;13;37;0,216;12;0,083;39;280;0,35;39;0,359
"Section";"74";2015;41;0,293;15;0,333;147;44,9;86;0,453;9;25;0,44;8;0,375;42;291;0,381;40;0,375
"Section";"74";2016;48;0,271;22;0,318;148;36,5;78;0,282;10;29;0,276;10;0,5;29;221;0,362;27;0,407
"Section";"74";2017;37;0,27;18;0,278;122;32,8;66;0,258;8;28;0,143;7;0,286;29;217;0,341;27;0,333
"Section";"74";2018;58;0,19;30;0,067;158;36,1;86;0,337;13;36;0,139;13;0,308;50;244;0,34;47;0,34
"Section";"74";2019;40;0,225;20;0,2;173;38,7;98;0,367;8;23;0,174;8;0,25;48;238;0,395;42;0,405
"Section";"74";2020;57;0,228;29;0,241;180;40,6;107;0,374;10;32;0,219;10;0,1;42;298;0,336;40;0,35
"Section";"76";2009;1,88888888888889;0,5;0;NA;13,3134920634921;46,7;5;0,4;1;1;0;1;0;1;3;0;0;0
"Section";"76";2010;2,83333333333333;0,667;1;0;12,4259259259259;35,7;4;0,25;1;1;0;1;0;0;0;0;0;NA
"Section";"76";2011;5;0,4;4;0,25;16;25;10;0,1;0;0;NA;0;NA;0;0;NA;0;NA
"Section";"76";2012;6;0,5;3;0,667;11;0;6;0;1;3;0,333;1;0;1;10;0,2;1;0
"Section";"76";2013;3;0,333;1;0;18;27,8;9;0,333;1;1;0;1;0;1;9;0,111;1;0
"Section";"76";2014;4;0,5;3;0,667;13;30,8;5;0;0;0;NA;0;NA;2;13;0,077;2;0
"Section";"76";2015;2;0,5;2;0,5;13;7,7;8;0,125;0;0;NA;0;NA;1;3;0;1;0
"Section";"76";2016;1;0;1;0;11;0;4;0;2;3;1;2;1;2;15;0,267;2;0
"Section";"76";2017;4;0;4;0;25;32;15;0,467;0;0;NA;0;NA;2;8;0,625;1;0
"Section";"76";2018;3;0,667;2;0,5;10;20;7;0,143;0;0;NA;0;NA;3;46;0,348;3;0,333
"Section";"76";2019;3;0,667;1;1;16;25;9;0,222;0;0;NA;0;NA;0;0;0;0;0
"Section";"77";2009;0;NA;0;NA;10,2857142857143;50;5;0,2;1;1;0;1;0;3;5;0;2;0
"Section";"77";2010;1;1;0;0;12,8571428571429;26,7;7;0,143;NA;NA;NA;NA;NA;1;1;0;0;0
"Section";"77";2011;2;0;1;0;7;71,4;3;1;0;0;NA;0;NA;1;6;0,333;1;1
"Section";"77";2012;4;0,5;3;0,333;5;60;4;0,5;1;2;0;1;0;0;0;NA;NA;NA
"Section";"77";2013;0;0;0;0;4;25;1;1;0;0;NA;0;NA;0;0;NA;NA;NA
"Section";"77";2014;1;0;1;0;6;16,7;4;0;0;0;NA;0;NA;0;0;NA;NA;NA
"Section";"77";2015;2;0;2;0;7;28,6;2;0;1;1;0;1;0;0;0;NA;NA;NA
"Section";"77";2016;1;0;1;0;5;60;3;0,667;1;1;0;1;0;0;0;NA;0;NA
"Section";"77";2017;0;0;0;0;9;22,2;4;0,25;1;2;0;1;0;1;7;0,429;1;0
"Section";"77";2018;2;0,5;1;0;7;0;5;0;0;0;NA;0;NA;0;0;NA;0;NA
"Section";"77";2019;1;1;0;0;8;37,5;0;0;0;0;NA;0;NA;0;0;NA;0;NA
"Section";"8";2009;20,0240384615385;0,714;18;0,667;62,9326923076923;60;48;0,583;6;20;0,7;5;0,6;10;90;0,611;9;0,556
"Section";"8";2010;10,4887820512821;0,727;7;0,714;71,0240384615385;62;49;0,653;6;18;0,556;6;0,5;10;120;0,65;10;0,6
"Section";"8";2011;7;0,571;6;0,5;46;54,3;36;0,556;4;13;0,538;4;0,25;6;83;0,627;6;0,667
"Section";"8";2012;12;0,667;10;0,6;57;68,4;47;0,66;6;27;0,407;6;0,5;8;82;0,61;8;0,25
"Section";"8";2013;15;0,667;12;0,667;59;66,1;45;0,733;6;22;0,636;6;0,833;3;71;0,634;3;0,667
"Section";"8";2014;22;0,636;18;0,611;64;54,7;45;0,578;3;17;0,647;2;0,5;9;115;0,678;9;0,667
"Section";"8";2015;14;0,714;12;0,667;55;61,8;42;0,69;3;7;0,714;3;0,667;1;46;0,717;1;1
"Section";"8";2016;16;0,688;15;0,667;55;58,2;43;0,651;5;23;0,565;5;0,4;3;80;0,663;3;0,667
"Section";"8";2017;13;0,615;12;0,583;63;63,5;49;0,653;6;23;0,696;6;0,5;5;78;0,667;5;0,2
"Section";"8";2018;15;0,533;10;0,5;43;55,8;35;0,514;7;29;0,621;7;0,571;5;104;0,644;5;0,8
"Section";"8";2019;18;0,556;16;0,5;62;69,4;47;0,702;3;16;0,5;3;0,333;7;108;0,602;7;0,571
"Section";"8";2020;17;0,765;14;0,714;60;58,3;45;0,578;4;21;0,524;4;0,5;7;80;0,675;7;0,714
"Section";"85";2009;20,6796536796537;0,471;7;0,714;177,299718548597;57,1;112;0,518;5;8;0,125;2;0,5;22;115;0,452;20;0,65
"Section";"85";2010;8,51515151515152;0,357;2;0,5;123,866926657239;55,6;66;0,53;8;12;0,333;5;0,6;20;105;0,476;20;0,6
"Section";"85";2011;9;0,222;4;0,25;126;48,4;76;0,526;5;13;0,385;4;0,75;13;79;0,57;13;0,769
"Section";"85";2012;15;0,467;5;0,6;131;51,1;74;0,365;8;15;0,533;7;0,857;14;89;0,337;14;0,357
"Section";"85";2013;18;0,444;8;0,625;115;60,9;74;0,568;7;16;0,188;7;0,143;10;83;0,542;10;0,6
"Section";"85";2014;17;0,412;6;0,667;122;59,8;78;0,564;4;7;0,714;4;0,75;12;91;0,451;11;0,455
"Section";"85";2015;18;0,444;11;0,455;100;55;65;0,615;6;11;0,364;6;0,333;18;123;0,634;17;0,765
"Section";"85";2016;10;0,6;6;0,667;106;56,6;75;0,6;6;10;0,4;6;0,5;16;105;0,552;16;0,625
"Section";"85";2017;7;0,571;5;0,4;89;52,8;64;0,5;3;4;0,25;3;0;9;75;0,533;9;0,556
"Section";"85";2018;17;0,471;6;0,333;84;53,6;46;0,457;3;6;0,333;3;0;7;71;0,423;6;0,5
"Section";"85";2019;16;0,313;7;0,571;69;47,8;51;0,431;4;6;0,333;4;0,5;13;131;0,519;13;0,692
"Section";"85";2020;9;0,444;7;0,429;53;54,7;40;0,475;3;9;0,333;3;0,333;3;20;0,5;2;0
"Section";"86";2009;28,4656084656085;0,45;10;0,7;194,619651063095;54,5;125;0,512;8;10;0,5;8;0,375;31;200;0,505;29;0,655
"Section";"86";2010;15,6560846560847;0,5;8;0,375;153,940953504825;58,5;92;0,576;9;20;0,5;8;0,5;13;117;0,496;13;0,385
"Section";"86";2011;21;0,571;7;0,714;160;53,8;104;0,51;13;28;0,464;12;0,583;20;164;0,543;19;0,789
"Section";"86";2012;23;0,435;7;0,286;165;53,3;93;0,591;11;24;0,25;11;0,364;24;221;0,52;23;0,696
"Section";"86";2013;14;0,214;8;0,25;142;57,7;84;0,583;7;12;0,167;6;0,167;12;145;0,421;12;0,25
"Section";"86";2014;10;0,6;4;0,75;163;57,7;104;0,567;11;13;0,385;11;0,364;26;234;0,491;25;0,6
"Section";"86";2015;15;0,4;9;0,444;158;60,1;89;0,629;5;10;0,2;5;0,2;11;129;0,566;11;0,636
"Section";"86";2016;9;0,222;7;0,143;137;58,4;89;0,506;5;14;0,143;4;0,25;15;149;0,416;14;0,643
"Section";"86";2017;9;0,667;5;0,6;134;56,7;81;0,556;5;16;0,313;4;0;15;138;0,442;14;0,5
"Section";"86";2018;19;0,684;8;0,75;134;62,7;90;0,633;6;18;0,389;6;0,333;15;117;0,615;14;0,643
"Section";"86";2019;17;0,353;9;0,222;90;60;48;0,646;7;18;0,5;7;0,571;9;78;0,449;8;0,375
"Section";"86";2020;14;0,643;6;0,667;94;56,4;57;0,596;4;6;0,333;4;0,25;17;129;0,465;15;0,6
"Section";"87";2009;18,2692307692308;0,356;8;0,375;297,796613883813;59,8;198;0,611;9;16;0,313;9;0,556;17;121;0,587;17;0,471
"Section";"87";2010;13,3974358974359;0,424;5;0,6;200,3791045548;66,4;116;0,724;4;4;0,25;4;0,25;29;163;0,638;25;0,64
"Section";"87";2011;13;0,385;7;0,286;223;65,9;160;0,675;5;10;0,4;5;0,4;18;177;0,565;17;0,706
"Section";"87";2012;10;0,5;5;0,6;235;62,6;156;0,622;6;8;0,5;4;0,25;12;105;0,59;12;0,417
"Section";"87";2013;9;0,333;5;0,4;195;69,7;115;0,652;11;14;0,5;10;0,4;8;102;0,637;8;0,75
"Section";"87";2014;12;0,417;8;0,5;201;69,7;138;0,659;9;18;0,222;8;0,25;15;122;0,557;13;0,538
"Section";"87";2015;13;0,462;6;0,333;217;62,2;151;0,642;4;5;0,2;4;0,25;9;108;0,657;9;1
"Section";"87";2016;8;0,375;6;0,333;179;69,3;134;0,679;5;10;0,6;5;0,6;11;137;0,489;11;0,545
"Section";"87";2017;3;0,667;1;1;158;63,3;113;0,611;1;1;1;1;1;8;88;0,545;8;0,5
"Section";"87";2018;7;0,429;5;0,6;133;64,7;104;0,615;3;6;0,5;3;0,333;5;55;0,655;5;0,6
"Section";"87";2019;7;0,143;4;0;105;61;88;0,636;3;6;0,167;3;0,333;1;10;0,3;1;1
"Section";"87";2020;6;0,333;3;0,333;98;48;85;0,482;6;10;0,3;6;0,5;11;86;0,512;10;0,4
"Section";"9";2009;46,8258201728585;0,547;28;0,5;365,681837967077;64,6;156;0,654;22;73;0,534;21;0,429;47;558;0,608;46;0,587
"Section";"9";2010;40,6412778858772;0,5;22;0,455;265,248093736683;68,3;108;0,676;23;68;0,529;20;0,6;40;505;0,642;39;0,667
"Section";"9";2011;45;0,578;29;0,655;242;69;99;0,677;29;89;0,528;28;0,536;37;470;0,681;35;0,6
"Section";"9";2012;51;0,451;39;0,436;263;71,5;136;0,757;29;70;0,571;26;0,5;27;366;0,73;25;0,8
"Section";"9";2013;33;0,636;26;0,654;257;67,7;132;0,674;23;82;0,549;22;0,409;37;542;0,714;34;0,794
"Section";"9";2014;42;0,667;34;0,676;264;68,6;148;0,622;19;56;0,625;19;0,526;18;434;0,7;16;0,625
"Section";"9";2015;45;0,622;38;0,605;221;65,2;128;0,688;21;67;0,687;20;0,7;19;506;0,69;19;0,632
"Section";"9";2016;35;0,629;23;0,522;240;70,4;142;0,669;12;52;0,442;11;0,455;24;321;0,688;23;0,739
"Section";"9";2017;34;0,5;25;0,48;235;71,5;124;0,742;19;72;0,472;17;0,412;29;442;0,686;27;0,63
"Section";"9";2018;46;0,543;34;0,529;271;64,6;155;0,645;22;74;0,568;17;0,529;28;490;0,655;26;0,731
"Section";"9";2019;48;0,604;35;0,6;271;66,4;136;0,676;25;92;0,554;25;0,44;21;474;0,688;21;0,762
"Section";"9";2020;45;0,667;33;0,667;276;60,5;151;0,642;27;100;0,53;25;0,44;24;441;0,655;22;0,591
